OS;Producer;RAM;CPU cores;Diagonal;Width;Height
Android 13;Sharp;6;8;6,1;62,88;141,61
Android 13;AGM;8;8;6,56;67,95;152,14
Android 13;Blackview;8;8;6,5;67,75;150,56
Android 13;Oukitel;8;8;6,56;68,38;151,95
Android 13;Oukitel;8;8;6,52;67,96;151,02
Android 13;Oukitel;12;8;6,56;68,38;151,95
Android 13;Oppo;4;8;6,56;67,95;152,14
Android 13;Kyocera;6;8;5,38;61,11;122,23
Android 13;Lava;8;8;6,78;69,23;157,68
Android 13;Xiaomi;8;8;6,67;69,5;154,5
Android 13;Xiaomi;12;8;6,67;69,5;154,5
Android 13;itel;8;8;6,78;70,67;157,04
Android 13;Samsung;6;8;6,7;69,84;155,19
Android 13;Samsung;6;8;6,7;69,84;155,19
Android 13;Vivo;8;8;6,78;70,67;157,04
Android 13;Xiaomi;6;8;6,67;69,52;154,5
Android 13;Xiaomi;8;8;6,67;69,5;154,5
Android 13;Xiaomi;12;8;6,67;69,5;154,5
Android 13;BLU;8;8;6,78;69,23;157,68
Android 13;iiiF150;12;8;6,78;70,67;157,04
Android 13;iiiF150;6;8;6,5;67,75;150,56
Android 13;Vivo;6;8;6,56;67,95;152,14
Android 13;Samsung;16;8;7,6;148,34;123,53
Android 13;Samsung;12;8;6,7;64,44;157,51
Android 13;Sharp;12;8;6,6;70,25;152,21
Android 13;Sharp;8;8;6,39;68,02;147,37
Android 13;Oppo;8;8;6,7;69,55;155,32
Android 12;itel;8;8;6,6;68,37;153,07
Android 13;Motorola;8;8;6,55;68,27;151,72
Android 13;Motorola;12;8;6,5;67,75;150,56
Android 13;Motorola;8;8;6,5;67,75;150,56
Android 13;ZTE;4;8;6,6;68,6;152,96
Android 13;Oppo;4;8;6,56;67,95;152,14
Android 13;Realme;4;8;6,72;69,75;155,78
HarmonyOS 4,0;Huawei;16;8;6,82;72,81;157,18
Android 13;Infinix;8;8;6,78;70,67;157,04
Android 13;Fairphone;8;8;6,46;67,75;149,44
iOS 17;Apple;4;6;6,7;71,29;154,53
iOS 17;Apple;4;6;6,1;64,9;140,69
Android 12;Unihertz;12;8;6,81;70,98;157,74
Android 12;Lava;8;8;6,52;67,93;150,95
Android 13;Oukitel;12;8;6,78;69,23;157,68
Android 13;Doogee;12;8;6,58;68,59;152,41
Android 13;Motorola;12;8;6,55;68,27;151,72
Android 13;Sony;8;8;6,1;60,23;142,76
Android 13;Vivo;8;8;6,64;69,5;153,67
Android 13;Vivo;8;8;6,64;69,5;153,67
Android 13;Vivo;8;8;6,78;70,67;157,04
Android 13;ZTE;4;8;6,52;67,96;151,02
HarmonyOS 4,0;Huawei;12;8;6,69;70,04;154,82
HarmonyOS 4,0;Huawei;12;8;6,82;72,81;157,18
Android 13;Realme;4;8;6,7;69,84;155,19
Android 13;Realme;6;8;6,72;70,04;155,65
Android 13;Realme;8;8;6,4;66,71;148,24
Android 13;Realme;24;8;6,74;69,91;156,27
Android 13;Realme;12;8;6,74;69,91;156,27
Android 13;Vivo;8;8;6,78;70,67;157,04
Android 13;Cubot;6;8;6,56;67,95;152,14
Android 13;Vivo;8;8;6,64;69,5;153,67
Android 13;Vivo;8;8;6,78;70,67;157,04
Android 13;Nokia;3;8;6,3;65,67;145,93
Android 13;Nokia;4;8;6,56;67,95;152,14
Android 13;ZTE;4;8;6,52;67,96;151,02
Android 13;Blackview;4;4;6,56;67,95;152,14
Android 13;Honor;4;8;6,56;67,95;152,14
Android 12;Blackview;12;8;6,67;69,52;154,5
Android 13;OnePlus;12;8;6,74;69,91;156,27
Android 13;Xiaomi;12;8;8,03;152,58;135,35
Android 13;Xiaomi;12;8;6,67;69,5;154,5
Android 13;Ulefone;8;8;6,58;68,4;152,5
Android 13;Infinix;8;8;6,67;69,52;154,5
Android 13;Kyocera;4;8;5,8;61,74;133,76
Android 13;Ulefone;4;8;6,45;73,27;146,53
Android 13;POCO;4;8;6,79;7,56;172,3
Android 12;HTC;2;4;6,52;67,93;150,95
Android 13;Tecno;8;8;6,78;69,23;157,68
Android 13;Doogee;12;8;6,58;68,4;152,5
Android 12;Lava;3;8;6,52;67,93;150,95
Android 13;ZTE;4;8;6,52;67,96;151,02
Android 13;BLU;6;8;6,8;69,43;158,15
Android 13;BLU;6;8;6,8;70,88;157,51
Android 13;BLU;4;8;6,8;70,88;157,51
Android 13;BLU;4;4;6,5;67,75;150,56
Android 12;Honor;6;8;6,75;70,3;156,23
Android 13;Honor;4;8;6,56;67,95;152,14
Android 13;Cubot;8;8;6,56;67,95;152,14
Android 13;Xiaomi;4;8;6,79;69,33;157,92
Android 13;Motorola;4;8;6,5;67,75;150,56
Android 13;Samsung;12;8;7,6;148,34;123,53
Android 12;Samsung;8;8;6,7;64,44;157,51
Android 13;Oppo;8;8;6,7;69,55;155,32
Android 13;Oppo;6;8;6,72;70,04;155,65
Android 13;Cubot;12;8;6,78;69,23;157,68
Android 13;Coolpad;4;8;6,52;67,93;150,95
Android 13;Infinix;4;8;6,78;69,23;157,68
Android 13;Honor;16;8;7,92;148,06;136,19
Android 13;Honor;16;8;7,92;148,06;136,19
Android 13;Blackview;8;8;4,3;44,82;99,6
Android 13;Nothing;8;8;6,7;69,55;155,32
Android 13;Oppo;8;8;6,43;67,02;148,94
HarmonyOS 3,0;Wiko;8;8;6,67;70,11;154,23
Android 13;Vivo;4;8;6,64;69,5;153,67
Android 13;Samsung;6;8;6,6;68,79;152,87
Android 13;Realme;12;8;6,7;69,55;155,32
Android 13;Realme;8;8;6,43;67,02;148,94
Android 13;Oppo;12;8;6,74;69,91;156,27
Android 13;Oppo;12;8;6,7;69,55;155,32
Android 13;Oppo;8;8;6,7;69,55;155,32
Android 13;Vivo;12;8;6,78;70,67;157,04
Android 13;Tecno;8;8;6,78;69,23;157,68
Android 12;itel;4;8;6,6;68,37;153,07
Android 12;itel;2;4;6,6;68,37;153,07
Android 12;itel;4;8;6,8;69,43;158,15
Android 13;nubia;16;8;6,8;70,88;157,51
Android 13;nubia;8;8;6,8;70,88;157,51
Android 13;Oukitel;8;8;6,52;67,96;151,02
Android 12;Honor;4;8;6,5;67,75;150,56
Android 13;Honor;8;8;6,78;70,99;156,9
Android 13;Honor;6;8;6,56;67,95;152,14
Android 13;Vivo;8;8;6,78;70,67;157,04
Android 13;Asus;8;8;5,9;61,5;136,66
Android 13;Xiaomi;4;8;6,79;69,33;157,92
Android 13;Nokia;4;8;6,56;67,95;152,14
Android 13;Vivo;8;8;6,78;70,67;157,04
Android 13;Xiaomi;12;8;6,67;69,52;154,5
Android 13;nubia;8;8;6,6;68,6;152,96
Android 12;ZTE;3;8;6,75;70,3;156,23
Android 13;Honor;8;8;6,7;70,13;155,06
Android 13;Wiko;8;8;6,58;68,43;152,57
Android 13;Oppo;8;8;6,4;66,71;148,24
Android 12;Ulefone;2;4;6,22;67,63;142,78
Android 13;Ulefone;4;4;5,45;61,91;123,82
Android 13;Infinix;8;8;6,78;69,23;157,68
Android 13;Motorola;4;8;6,5;67,75;150,56
Android 13;Motorola;8;8;6,5;67,75;150,56
Android 13;UMIDIGI;8;8;6,6;68,37;153,07
Android 13;Blackview;8;8;6,5;67,75;150,56
Android 13;Samsung;8;8;6,7;69,84;155,19
Android 13;OnePlus;8;8;6,72;70,04;155,65
Android 13;Unihertz;12;8;6,81;69,53;158,38
Android 13;Xiaomi;8;8;6,51;67,86;150,79
Android 12;Motorola;6;8;6,6;68,79;152,87
Android 13;Vivo;8;8;6,78;70,67;157,04
Android 13;Vivo;12;8;6,78;70,67;157,04
Android 13;Vivo;8;8;6,78;70,67;157,04
Android 13;Realme;4;8;6,74;70,25;156,12
Android 13;Oukitel;8;8;6,58;68,4;152,5
Android 12;Blackview;4;8;6,1;64,93;140,68
Android 13;Vivo;8;8;6,78;70,67;157,04
Android 12;Nokia;3;8;6,52;67,93;150,95
Android 12;Nokia;3;8;6,3;65,67;145,93
Android 13;Motorola;8;8;6,9;66,36;162,21
Android 13;Motorola;8;8;6,9;66,36;162,21
Android 13;Oukitel;8;8;3,5;43,58;77,48
Android 13;iiiF150;12;8;6,8;69,43;158,15
Android 13;Vivo;8;8;6,64;69,5;153,67
Android 13;Vivo;6;8;6,64;69,5;153,67
Android 13;Vivo;8;8;6,64;69,5;153,67
Android 13;Vivo;8;8;6,62;69,0;153,34
Android 13;AGM;8;8;6,52;67,93;150,95
Android 13;Honor;12;8;6,78;71,1;156,85
Android 13;Honor;12;8;6,7;69,89;155,16
Android 13;Unihertz;8;8;3,0;37,34;66,43
Android 13;Xiaomi;12;8;6,55;68,27;151,72
Android 13;Oppo;16;8;6,74;69,91;156,27
Android 13;Oppo;16;8;6,74;69,91;156,27
Android 13;Oppo;8;8;6,7;69,55;155,32
Android 13;Oppo;8;8;6,72;69,85;155,74
Android 13;Vivo;16;8;6,78;70,67;157,04
Android 13;Vivo;12;8;6,78;70,67;157,04
Android 13;Infinix;8;8;6,78;69,23;157,68
Android 13;Infinix;4;8;6,78;69,23;157,68
Android 13;Infinix;8;8;6,78;69,23;157,68
HarmonyOS 3,0;Huawei;8;8;6,8;71,17;157,37
Android 12;Oppo;12;8;6,56;67,95;152,14
Android 12;Doogee;12;8;6,43;67,02;148,94
Android 13;Samsung;4;8;6,6;68,6;152,96
Android 13;Vivo;6;8;6,38;66,5;147,78
Android 13;Vivo;4;8;6,51;67,86;150,79
Android 13;Cubot;12;8;6,58;68,43;152,57
Android 13;Cubot;12;8;6,58;68,43;152,57
Android 13;Huawei;8;8;6,95;73,05;160,71
Android 12;FOSSiBOT;4;4;5,45;61,91;123,82
Android 12;Blackview;4;4;6,1;64,93;140,68
Android 13;nubia;4;8;6,52;67,93;150,95
Android 13;HTC;8;8;6,7;69,84;155,19
Android 13;Realme;4;8;6,74;70,25;156,12
Android 13;HTC;8;8;6,7;69,84;155,19
Android 13;Lava;8;8;6,78;69,23;157,68
Android 13;Ulefone;8;8;6,58;68,4;152,5
Android 13;Vivo;8;8;6,78;70,67;157,04
Android 13;Oppo;8;8;6,72;69,85;155,74
Android 13;Oppo;8;8;6,72;70,04;155,65
Android 13;ZTE;4;8;6,52;67,93;150,95
Android 13;Sony;6;8;6,1;61,03;142,41
Android 13;Sony;12;8;6,5;64,98;151,78
Android 13;Realme;8;8;6,43;67,02;148,94
Android 13;Realme;12;8;6,7;69,55;155,32
Android 13;Realme;12;8;6,7;69,55;155,32
Android 13;Google;12;8;7,6;148,3;123,58
Android 13;Google;8;8;6,1;63,58;141,29
Android 13;Sharp;4;8;5,7;61,98;130,84
Android 13;Sharp;12;8;6,6;70,25;152,21
Android 13;Sharp;8;8;6,39;68,02;147,37
Android 13;Tecno;8;8;6,67;69,52;154,5
Android 13;Tecno;8;8;6,67;69,52;154,5
Android 13;Tecno;8;8;6,67;69,52;154,5
Android 13;Tecno;8;8;6,67;69,52;154,5
Android 13;POCO;8;8;6,67;69,52;154,5
Android 13;POCO;8;8;6,67;69,52;154,5
Android 12;Huawei;8;8;6,75;70,36;156,35
Android 12;Honor;6;8;6,5;67,75;150,56
Android 13;Motorola;8;8;6,55;68,27;151,72
Android 13;Ulefone;8;8;6,52;67,96;151,02
Android 13;UMIDIGI;8;8;6,6;68,6;152,96
Android 13;UMIDIGI;4;8;6,52;67,96;151,02
Android 13;UMIDIGI;4;4;6,52;67,96;151,02
Android 12;ZTE;2;8;6,52;67,96;151,02
Android 12;ZTE;2;8;6,52;67,96;151,02
Android 12;ZTE;4;8;6,52;67,96;151,02
Android 13;Motorola;4;8;6,5;67,75;150,56
Android 13;Motorola;4;8;6,5;67,75;150,56
Android 13;Motorola;8;8;6,7;69,84;155,19
Android 12;Nokia;6;8;6,49;67,65;150,33
HarmonyOS 3,0;Huawei;8;8;6,8;71,17;157,37
Android 12;Lava;6;8;6,52;67,93;150,95
Android 12;Blackview;4;8;6,1;64,93;140,68
Android 12;Blackview;4;4;6,1;64,93;140,68
Android 12;Blackview;12;8;6,7;70,13;155,06
Android 12;Blackview;8;8;6,6;68,37;153,07
Android 13;Vivo;8;8;6,78;70,67;157,04
Android 13;Infinix;4;8;6,82;69,64;158,62
Android 13;Cubot;8;8;6,58;68,43;152,57
Android 13;Honor;8;8;6,7;70,13;155,06
Android 11;Wiko;8;8;6,75;70,3;156,23
Android 13;Samsung;6;8;6,5;69,19;149,9
Android 13;Oukitel;4;8;6,52;67,96;151,02
Android 12;Coolpad;4;8;6,52;67,93;150,95
Android 12;Infinix;2;8;6,6;68,37;153,07
HarmonyOS 3,0;Huawei;8;8;6,95;73,05;160,71
Android 12;ZTE;6;8;6,6;68,6;152,96
Android 12;ZTE;4;8;6,6;68,6;152,96
Android 13;Vivo;12;8;8,03;152,58;135,35
Android 13;Vivo;12;8;6,8;68,04;158,75
HarmonyOS 3,0;Huawei;8;8;6,78;70,99;156,9
HarmonyOS 3,0;Huawei;8;8;6,78;70,99;156,9
HarmonyOS 3,0;Huawei;8;8;6,7;69,76;155,22
Android 13;Asus;16;8;6,78;69,51;157,56
Android 13;Asus;16;8;6,78;69,51;157,56
Android 12;Lava;6;8;6,52;67,93;150,95
Android 12;HTC;8;8;6,82;69,64;158,62
Android 13;Realme;4;8;6,72;70,04;155,65
Android 13;ZTE;8;8;6,67;69,33;154,58
Android 13;Vivo;4;8;6,58;68,4;152,5
Android 13;Vivo;6;8;6,38;66,5;147,78
Android 13;Vivo;8;8;6,38;66,5;147,78
Android 12;Doogee;12;8;6,58;68,4;152,5
Android 13;ZTE;4;8;6,52;67,93;150,95
Android 13;Doogee;8;8;6,52;67,93;150,95
Android 12;HTC;3;8;6,52;67,93;150,95
Android 13;POCO;4;8;6,52;67,96;151,02
Android 13;Motorola;4;8;6,5;67,75;150,56
Android 13;Realme;8;8;6,74;69,91;156,27
Android 13;Realme;16;8;6,74;69,91;156,27
Android 13;Realme;8;8;6,74;69,91;156,27
Android 13;OnePlus;12;8;6,74;69,91;156,27
Android 13;Realme;8;8;6,7;69,55;155,32
Android 12;Xiaomi;8;8;6,55;68,27;151,72
Android 13;OnePlus;8;8;6,74;69,91;156,27
Android 13;OnePlus;8;8;6,7;69,55;155,32
Android 13;Motorola;12;8;6,67;69,52;154,5
Android 13;OnePlus;8;8;6,72;70,04;155,65
Android 12;Vivo;4;8;6,51;67,86;150,79
Android 12;Xiaomi;6;8;6,67;69,52;154,5
Android 12;Nokia;2;8;6,3;65,67;145,93
Android 12;Oppo;6;8;6,56;67,95;152,14
Android 12;Blackview;3;4;6,52;67,96;151,02
Android 13;Infinix;8;8;6,78;69,23;157,68
Android 12;Vivo;3;8;6,51;67,86;150,79
Android 13;Oppo;8;8;6,72;70,04;155,65
Android 12;Blackview;4;8;6,52;67,96;151,02
Android 13;Tecno;8;8;6,6;68,37;153,07
Android 13;Meizu;12;8;6,79;67,94;158,52
Android 13;Meizu;12;8;6,81;70,98;157,74
Android 13;Meizu;12;8;6,55;68,27;151,72
Android 12;Cubot;2;4;4,0;49,78;88,57
Android 13;Xiaomi;8;8;6,67;69,52;154,5
Android 12;Honor;8;8;6,7;70,13;155,06
Android 11;Tecno;2;8;6,6;68,37;153,07
Android 12;Honor;8;8;6,74;70,25;156,12
Android 12;Tecno;4;8;6,6;68,37;153,07
Android 13;Tecno;4;8;6,6;68,37;153,07
Android 13;Samsung;4;8;6,6;68,6;152,96
Android 13;Xiaomi;4;8;6,67;69,52;154,5
Android 12;Xiaomi;2;8;6,52;67,96;151,02
Android 12;Xiaomi;2;8;6,52;67,96;151,02
Android 12;Infinix;8;8;6,6;68,37;153,07
HarmonyOS 3,1;Huawei;8;8;7,85;148,87;132,65
Android 12;Samsung;8;8;6,7;69,84;155,19
Android 12;Realme;4;8;6,6;68,6;152,96
Android 13;Cubot;8;8;6,58;68,43;152,57
Android 13;Vivo;6;8;6,64;69,5;153,67
Android 12;Honor;4;8;6,5;67,75;150,56
Android 12;Nokia;2;8;6,3;65,67;145,93
Android 13;Oppo;12;8;6,82;71,68;157,7
Android 13;Oppo;12;8;6,74;69,91;156,27
Android 13;Vivo;6;8;6,38;67,91;147,14
Android 12;itel;2;8;6,6;68,37;153,07
Android 11;ZTE;4;8;6,52;67,96;151,02
Android 13;UMIDIGI;6;8;6,6;68,6;152,96
Android 13;Samsung;6;8;6,6;70,25;152,21
Android 13;Samsung;6;8;6,4;68,12;147,6
Android 12;Realme;4;8;6,5;67,75;150,56
Android 12;Unihertz;8;8;6,54;69,61;150,83
Android 11;ZTE;4;8;6,52;67,96;151,02
Android 13;Vivo;4;8;6,51;67,86;150,79
Android 13;OnePlus;12;8;6,74;69,91;156,27
Android 13;Samsung;4;8;6,6;68,6;152,96
Android 12;iiiF150;12;8;6,8;69,43;158,15
Android 12;Blackview;4;8;6,52;67,96;151,02
Android 13;Honor;16;8;6,81;72,37;157,1
Android 13;Honor;8;8;6,81;72,37;157,1
Android 13;Honor;12;8;6,73;70,84;155,57
Android 12;Unihertz;8;8;6,81;70,98;157,74
Android 13;nubia;8;8;6,8;70,88;157,51
Android 12;Oukitel;12;8;6,78;70,67;157,04
Android 12;Ulefone;12;8;6,58;68,4;152,5
Android 12;Ulefone;12;8;5,65;64,18;128,36
HarmonyOS 2,0;Huawei;6;8;6,78;70,96;156,91
Android 13;Oukitel;8;8;6,58;68,4;152,5
Android 12;Tecno;8;8;6,8;70,88;157,51
Android 12;Realme;6;8;6,72;70,04;155,65
Android 13;Ulefone;16;8;6,67;69,52;154,5
Android 12;Vivo;8;8;6,78;70,67;157,04
Android 13;Vivo;8;8;6,78;70,67;157,04
Android 13;Vivo;8;8;6,62;69,0;153,34
Android 13;UMIDIGI;3;4;6,52;67,96;151,02
Android 13;UMIDIGI;3;4;6,52;67,96;151,02
Android 13;Tecno;12;8;7,85;130,97;150,35
Android 13;Realme;8;8;6,74;69,91;156,27
Android 12;ZTE;8;8;6,67;69,52;154,5
Android 12;Motorola;6;8;6,58;68,59;152,41
Android 12;Cat;6;8;6,58;68,59;152,41
Android 12;Nokia;2;4;5,45;61,91;123,82
Android 12;Nokia;4;8;6,5;67,75;150,56
Android 13;Nokia;3;8;6,52;67,93;150,95
Android 13;Nokia;2;8;6,52;67,93;150,95
Android 12;TCL;2;4;6,0;68,16;136,31
Android 12;POCO;4;8;6,71;68,16;156,21
Android 12;Lava;4;8;6,52;67,93;150,95
Android 12;BLU;4;8;6,5;67,75;150,56
Android 13;Vivo;8;8;6,58;68,4;152,5
Android 13;Vivo;8;8;6,38;66,5;147,78
Android 11;AGM;8;8;6,58;70,04;151,75
Android 11;AGM;8;8;6,58;70,04;151,75
Android 11;AGM;8;8;6,58;70,04;151,75
Android 12;Sharp;4;8;5,7;61,98;130,84
Android 12;Honor;6;8;6,7;70,13;155,06
Android 12;Doogee;8;8;6,58;68,4;152,5
Android 12;Honor;6;8;6,67;69,52;154,5
Android 12;Infinix;8;8;6,78;69,23;157,68
Android 12;Infinix;8;8;6,78;69,23;157,68
Android 12;Realme;6;8;6,52;67,93;150,95
Android 12;Realme;6;8;6,52;67,93;150,95
Android 12;Unihertz;8;8;6,54;69,61;150,83
Android 12;BLU;4;8;6,8;70,88;157,51
Android 12;BLU;2;4;5,5;62,48;124,95
Android 12;Tecno;2;4;6,56;67,95;152,14
Android 11;Philips;8;8;6,52;67,93;150,95
Android 12;TCL;3;8;6,0;68,16;136,31
Android 12;BLU;2;8;6,5;67,75;150,56
Android 12;POCO;6;8;6,67;69,52;154,5
Android 12;POCO;6;8;6,67;69,52;154,5
Android 11;BLU;4;8;6,5;67,75;150,56
Android 11;BLU;4;8;6,5;67,75;150,56
Android 11;BLU;4;4;6,5;67,75;150,56
Android 13;Oppo;8;8;6,7;69,55;155,32
Android 13;Oppo;8;8;6,43;67,02;148,94
Android 11;BLU;3;4;6,0;68,16;136,31
Android 13;Samsung;8;8;6,6;70,25;152,21
Android 13;Samsung;8;8;6,1;64,93;140,68
Android 11;BLU;3;4;6,5;67,75;150,56
Android 11;BLU;2;4;6,1;66,33;140,03
Android 13;Motorola;8;8;6,5;67,75;150,56
Android 13;Motorola;4;8;6,5;67,75;150,56
Android 13;Motorola;4;8;6,5;67,75;150,56
Android 13;Motorola;2;8;6,5;67,75;150,56
Android 13;Motorola;4;8;6,5;67,75;150,56
Android 12;Nokia;2;8;6,3;65,67;145,93
Android 12;Tecno;3;4;6,56;67,95;152,14
Android 13;Vivo;12;8;6,78;70,67;157,04
Android 13;Vivo;8;8;6,78;70,67;157,04
Android 13;nubia;12;8;6,8;70,88;157,51
Android 13;Kyocera;4;8;6,1;63,58;141,29
Android 13;Kyocera;4;8;6,1;63,58;141,29
Android 12;Unihertz;4;4;3,0;37,34;66,43
Android 12;Unihertz;4;8;6,52;67,96;151,02
Android 11;Unihertz;6;8;4,2;54,89;91,48
Android 12;Oukitel;8;8;6,52;67,93;150,95
Android 12;Oukitel;4;8;6,52;67,93;150,95
Android 12;Honor;12;8;6,67;69,52;154,5
Android 12;Honor;6;8;6,75;70,3;156,23
Android 13;Samsung;4;8;6,6;68,6;152,96
Android 13;Samsung;8;8;6,8;73,15;156,46
Android 11;Honor;6;8;6,5;67,75;150,56
Android 12;ZTE;4;8;6,67;69,52;154,5
Android 13;Vivo;4;8;6,51;67,86;150,79
Android 13;Vivo;4;8;6,51;67,86;150,79
Android 12;Oppo;8;8;6,56;67,95;152,14
Android 12;Doogee;8;8;6,58;68,4;152,5
Android 13;Gigaset;4;8;6,1;64,93;140,68
Android 13;Motorola;8;8;6,6;68,79;152,87
Android 13;Oppo;8;8;6,56;67,95;152,14
Android 12;Honor;2;8;6,5;67,75;150,56
Android 12;Unihertz;8;8;6,81;72,49;157,05
Android 12;POCO;2;4;6,52;67,96;151,02
Android 12;Blackview;6;8;6,58;68,43;152,57
Android 12;Xiaomi;4;8;6,71;68,16;156,21
Android 13;Vivo;8;8;6,78;70,67;157,04
Android 12;Honor;6;8;6,67;69,52;154,5
Android 13;nubia;12;8;6,8;70,88;157,51
Android 13;nubia;8;8;6,8;70,88;157,51
Android 12;Xiaomi;8;8;6,67;69,52;154,5
Android 13;Xiaomi;8;8;6,67;69,52;154,5
Android 13;Xiaomi;8;8;6,67;69,52;154,5
Android 13;Xiaomi;6;8;6,67;69,52;154,5
Android 12;Honor;12;8;6,67;69,95;154,3
Android 12;Blackview;8;8;6,58;68,4;152,5
Android 12;Ulefone;12;8;6,58;68,4;152,5
Android 12;Ulefone;12;8;6,58;68,4;152,5
HarmonyOS 2,0;Wiko;8;8;6,78;70,96;156,91
Android 11;Vivo;8;8;6,62;69,0;153,34
Android 13;Vivo;12;8;6,78;70,67;157,04
Android 13;Vivo;8;8;6,78;70,67;157,04
Android 12;Infinix;8;8;6,8;70,88;157,51
Android 12;Lava;3;8;6,5;67,75;150,56
Android 12;Samsung;3;8;6,5;67,75;150,56
Android 12;nubia;8;8;6,67;69,52;154,5
Android 13;Motorola;4;8;6,5;67,75;150,56
Android 13;Motorola;8;8;6,7;69,84;155,19
Android 13;Oppo;8;8;6,8;68,04;158,75
Android 12;Oppo;12;8;7,1;131,84;123,05
Android 12;Realme;8;8;6,6;68,6;152,96
Android 12;ZTE;6;8;6,6;68,6;152,96
HarmonyOS 2,0;Huawei;6;8;6,52;67,96;151,02
Android 12;Samsung;4;8;6,5;67,75;150,56
Android 12;Oppo;6;8;6,56;67,95;152,14
Android 13;Vivo;4;8;6,51;67,86;150,79
Android 13;Xiaomi;12;8;6,36;66,29;147,32
Android 13;Xiaomi;8;8;6,73;70,15;155,89
Android 13;Xiaomi;8;8;6,36;66,29;147,32
Android 12;Ulefone;8;8;6,52;67,96;151,02
Android 13;Vivo;8;8;6,78;70,67;157,04
Android 13;Vivo;8;8;6,78;70,67;157,04
Android 13;Vivo;8;8;6,78;70,67;157,04
Android 12;Tecno;8;8;6,8;70,88;157,51
Android 12;Tecno;12;8;6,8;70,88;157,51
Android 12;Doogee;8;8;6,3;67,06;145,29
Android 12;Doogee;3;4;5,5;62,48;124,95
Android 12;Blackview;8;8;6,5;67,33;150,75
Android 12;Blackview;4;8;6,1;64,93;140,68
Android 12;Doogee;4;4;5,5;62,48;124,95
Android 13;Oppo;8;8;6,7;69,55;155,32
Android 12;Vivo;2;8;6,51;67,86;150,79
Android 12;Lava;4;8;6,52;67,93;150,95
Android 12;Honor;16;8;7,9;151,14;131,98
Android 12;Honor;8;8;7,9;151,14;131,98
Android 12;Honor;8;8;6,78;71,1;156,85
Android 12;Honor;8;8;6,67;69,52;154,5
Android 12;Honor;8;8;6,67;69,52;154,5
Android 12;Oukitel;12;8;6,78;70,67;157,04
Android 13;Oppo;16;8;6,7;69,55;155,32
Android 13;Oppo;16;8;6,7;69,55;155,32
Android 13;Oppo;8;8;6,7;69,55;155,32
Android 12;Vivo;8;8;6,44;67,03;149,21
Android 12;Blackview;2;8;6,52;67,96;151,02
Android 11;Vivo;2;8;6,51;67,86;150,79
Android 12;Sharp;4;8;6,6;68,37;153,07
Android 12;TCL;4;8;6,6;68,37;153,07
Android 12;Leica;12;8;6,6;70,25;152,21
Android 12;Infinix;8;8;6,78;69,23;157,68
Android 12;Oppo;6;8;6,56;67,95;152,14
HarmonyOS 3,0;Huawei;8;8;6,9;68,66;161,25
Android 12;Huawei;4;8;6,52;67,96;151,02
Android 12;Oukitel;4;8;5,93;67,36;134,72
Android 12;Realme;6;8;6,4;66,71;148,24
Android 12;Xiaomi;4;8;6,67;69,52;154,5
Android 12;Xiaomi;8;8;6,67;69,52;154,5
Android 12;Xiaomi;6;8;6,67;69,52;154,5
Android 12;Xiaomi;6;8;6,67;69,52;154,5
Android 12;Sharp;3;4;6,52;67,96;151,02
Android 12;Vertu;12;8;6,67;69,52;154,5
Android 12;Doogee;4;8;6,52;67,96;151,02
Android 12;UMIDIGI;12;8;6,8;69,43;158,15
Android 13;OnePlus;4;8;6,56;67,95;152,14
Android 12;Samsung;3;8;6,5;67,75;150,56
Android 12;HTC;2;4;6,52;67,96;151,02
Android 12;Samsung;12;8;6,7;64,44;157,51
Android 12;Samsung;16;8;7,6;150,69;120,66
Android 11;itel;3;8;6,6;68,79;152,87
Android 12;Realme;2;8;6,5;67,75;150,56
Android 12;Oppo;8;8;6,43;67,02;148,94
Android 12;Oppo;8;8;6,43;67,02;148,94
Android 12;Vivo;8;8;6,44;67,03;149,21
Android 12;Tecno;4;8;6,8;69,43;158,15
Android 12;Lava;4;8;6,52;67,93;150,95
Android 12;FCNT;4;8;5,7;61,98;130,84
Android 12;iiiF150;8;8;6,78;69,23;157,68
Android 12;Honor;4;8;6,5;67,75;150,56
Android 12;Cubot;4;8;4,5;43,38;105,75
Android 12;Honor;6;8;6,74;70,25;156,12
Android 12;ZTE;4;8;6,67;69,52;154,5
Android 12;Cubot;4;8;6,52;67,93;150,95
Android 12;Oppo;3;8;6,56;67,95;152,14
Android 12;Vivo;8;8;6,62;69,0;153,34
Android 12;Ulefone;8;8;6,58;68,4;152,5
Android 12;Ulefone;12;8;6,58;68,4;152,5
Android 12;Wiko;4;8;6,75;70,3;156,23
Android 12;Ulefone;3;4;6,52;67,96;151,02
Android 12;Lava;3;8;6,52;67,93;150,95
Android 12;Honor;8;8;6,81;71,28;157,61
Android 12;Blackview;6;8;6,1;64,93;140,68
Android 12;Motorola;6;8;6,6;68,79;152,87
Android 12;Oppo;6;8;6,56;67,95;152,14
Android 12;UMIDIGI;6;8;6,52;67,96;151,02
Android 12;UMIDIGI;6;8;6,52;67,96;151,02
Android 12;Infinix;4;8;6,82;69,64;158,62
Android 11;Simple;4;8;6,53;71,98;149,43
Android 12;Infinix;4;8;6,6;68,6;152,96
Android 12;Infinix;8;8;6,78;69,23;157,68
Android 12;Infinix;6;8;6,82;69,64;158,62
Android 12;Infinix;4;8;6,6;68,37;153,07
Android 11;Honor;6;8;6,5;67,75;150,56
Android 12;Tecno;8;8;6,66;68,0;154,89
Android 12;Tecno;8;8;6,82;69,64;158,62
Android 13;Google;12;8;6,71;71,42;154,75
Android 13;Google;8;8;6,3;65,67;145,93
Android 12;Xiaomi;2;4;6,52;67,96;151,02
Android 12;Xiaomi;8;8;6,67;69,5;154,5
Android 12;Xiaomi;8;8;6,67;69,5;154,5
Android 12;ZTE;6;8;6,67;69,52;154,5
Android 12;Infinix;8;8;6,7;69,84;155,19
Android 12;Honor;6;8;6,52;67,93;150,95
Android 12;Cubot;6;8;4,5;43,38;105,75
Android 11;Vivo;8;8;6,58;68,4;152,5
Android 12;Infinix;8;8;6,7;69,84;155,19
Android 12;Infinix;4;8;6,7;69,84;155,19
Android 12;Xiaomi;4;8;6,58;68,4;152,5
Android 12;Xiaomi;8;8;6,55;68,27;151,72
Android 12;ZTE;8;8;6,92;70,66;160,94
HarmonyOS 2,0;Huawei;8;8;6,67;69,52;154,5
Android 12;Oppo;4;8;6,56;67,95;152,14
Android 12;Vivo;12;8;8,03;152,58;135,35
Android 12;Sharp;6;8;6,4;68,12;147,6
Android 12;Sharp;6;8;6,1;62,88;141,61
Android 12;Gigaset;6;8;6,6;68,51;153,0
Android 12;Gigaset;4;8;6,3;67,06;145,29
Android 12;Honor;4;8;6,5;67,75;150,56
Android 12;Doogee;8;8;6,22;67,63;142,78
Android 12;Lava;4;8;6,52;67,93;150,95
Android 12;Lava;3;8;6,52;67,93;150,95
Android 12;Tecno;4;8;6,82;69,64;158,62
Android 12;Ulefone;4;8;5,93;67,36;134,72
Android 12;TCL;6;8;6,82;69,64;158,62
Android 12;Ulefone;4;8;5,45;61,91;123,82
Android 11;Oppo;8;8;6,59;68,4;152,77
Android 12;Asus;12;8;6,78;72,17;156,36
Android 12;Asus;12;8;6,78;72,17;156,36
Android 12;Asus;12;8;6,78;72,17;156,36
Android 12;Asus;12;8;6,78;72,17;6,16
Android 12;Vivo;8;8;6,51;67,86;150,79
Android 11;Tecno;2;4;6,1;64,93;140,68
Android 12;Tecno;2;4;6,6;68,79;152,87
Android 12;Honor;6;8;6,67;69,52;154,5
Android 11;Cubot;4;4;6,09;64,8;140,4
Android 11;Vivo;4;8;6,58;68,4;152,5
Android 12;UMIDIGI;8;8;6,5;67,75;150,56
Android 12;Oppo;4;8;6,56;67,95;152,14
Android 11;Black Fox;2;4;6,8;70,88;157,51
Android 12;Oppo;4;8;6,56;67,95;152,14
Android 12;Vivo;8;8;6,44;67,03;149,21
Android 12;Blackview;8;8;6,5;67,75;150,56
Android 12;Vivo;3;8;6,51;67,86;150,79
Android 12;Cubot;6;8;6,52;70,86;149,6
Android 12;Motorola;8;8;6,53;68,04;151,21
Android 12;Motorola;8;8;6,55;68,27;151,72
Android 12;Motorola;12;8;6,67;69,52;154,5
Android 12;Doogee;4;8;6,0;68,16;136,31
Android 12;Blackview;4;4;6,1;64,93;140,68
iOS 16;Apple;4;6;6,1;64,99;140,65
iOS 16;Apple;4;6;6,7;71,4;154,48
iOS 16;Apple;6;6;6,1;64,9;140,69
iOS 16;Apple;6;6;6,7;71,29;154,53
Android 11;Vivo;8;8;6,58;68,4;152,5
Android 12;Xiaomi;2;4;6,52;67,96;151,02
Android 12;Xiaomi;4;8;6,58;68,59;152,41
Android 12;Xiaomi;4;8;6,58;68,59;152,41
Android 12;Realme;3;8;6,5;67,75;150,56
HarmonyOS 3,0;Huawei;8;8;6,7;70,27;155,0
HarmonyOS 3,0;Huawei;8;8;6,74;71,97;155,33
HarmonyOS 3,0;Huawei;8;8;6,74;71,97;155,33
HarmonyOS 3,0;Huawei;8;8;6,7;70,27;155,0
Android 12;POCO;4;8;6,43;67,02;148,94
Android 12;POCO;4;8;6,58;68,4;152,5
Android 12;Nokia;4;8;6,58;68,4;152,5
Android 12;Oukitel;4;4;5,93;67,36;134,72
Android 12;Xiaomi;8;8;6,67;69,5;154,5
Android 12;Conquest;4;8;3,0;37,34;66,43
Android 12;Blackview;6;8;6,58;68,43;152,57
Android 12;Nokia;3;8;6,7;69,84;155,19
Android 12;Nokia;4;8;6,58;68,59;152,41
Android 12;Nokia;6;8;6,43;67,02;148,94
Android 12;Sony;8;8;6,1;60,23;142,76
Android 12;Samsung;3;8;6,5;67,75;150,56
Android 11;Vivo;6;8;6,58;68,4;152,5
Android 12;Vivo;8;8;6,64;69,5;153,67
Android 12;Vivo;8;8;6,58;68,4;152,5
Android 12;Vivo;6;8;6,58;68,4;152,5
Android 12;Vivo;8;8;6,55;67,85;151,91
Android 11;ZTE;4;8;6,52;67,96;151,02
Android 12;Vivo;4;8;6,58;68,4;152,5
Android 12;Lenovo;8;8;6,67;69,52;154,5
Android 12;Realme;4;8;6,6;68,6;152,96
Android 12;Vivo;8;8;6,56;68,95;151,69
Android 12;Vivo;8;8;6,44;66,85;149,29
Android 12;Infinix;6;8;6,6;68,37;153,07
Android 12;Doogee;8;8;6,3;67,06;145,29
Android 11;BLU;8;8;6,6;70,25;152,21
Android 12;Samsung;4;8;6,6;68,6;152,96
Android 12;Vivo;8;8;6,78;70,67;157,04
Android 12;Oppo;8;8;6,43;67,02;148,94
Android 12;Xiaomi;12;8;8,02;152,46;135,1
Android 12;Motorola;8;8;6,7;69,84;155,19
Android 12;Motorola;8;8;6,55;68,27;151,72
Android 12;Motorola;8;8;6,7;69,84;155,19
Android 12;Samsung;12;8;7,6;150,69;120,66
Android 12;Samsung;8;8;6,7;64,44;157,51
Android 12;OnePlus;8;8;6,43;67,02;148,94
Android 12;OnePlus;8;8;6,7;69,55;155,32
Android 10,0;ZTE;4;8;6,82;69,64;158,62
Android 12;UMIDIGI;8;8;6,7;68,06;155,98
Android 12;OnePlus;8;8;6,7;69,55;155,32
Android 11;Oukitel;3;4;6,52;67,93;150,95
Android 12;Vivo;3;8;6,51;67,86;150,79
Android 12;Infinix;3;8;6,82;70,65;158,17
Android 10,0;Cat;6;8;6,5;67,75;150,56
Android 12;Motorola;4;8;6,5;67,75;150,56
Android 11;Xiaomi;6;8;6,53;68,06;151,25
Android 12;Realme;12;8;6,6;68,51;153,0
HarmonyOS 2,0;Huawei;8;8;6,7;70,13;155,06
Android 12;Asus;8;8;5,92;61,71;137,12
Android 12;Vivo;6;8;6,51;67,86;150,79
Android 12;Oppo;12;8;6,59;68,4;152,77
Android 11;Honor;6;8;6,5;67,75;150,56
Android 12;Doogee;8;8;6,3;65,67;145,93
Android 12;Xiaomi;6;8;6,6;67,39;153,5
Android 12;nubia;8;8;6,67;69,52;154,5
Android 12;nubia;8;8;6,67;69,52;154,5
Android 12;Vivo;8;8;6,78;70,67;157,04
Android 12;Vivo;8;8;6,78;70,67;157,04
Android 12;Oppo;8;8;6,43;67,02;148,94
Android 12;Oppo;8;8;6,7;69,55;155,32
Android 12;Tecno;3;8;6,6;68,37;153,07
Android 12;Infinix;8;8;6,7;69,84;155,19
Android 12;AGM;8;8;6,52;67,93;150,95
Android 10,0;Samsung;6;8;6,5;67,75;150,56
Android 12;Ulefone;4;4;5,0;62,26;110,69
Android 11;ZTE;6;8;6,67;69,52;154,5
Android 12;Infinix;8;8;6,7;69,84;155,19
Android 12;Infinix;6;8;6,7;69,84;155,19
Android 12;Samsung;4;8;6,6;68,79;152,87
Android 12;Samsung;4;8;6,5;67,75;150,56
Android 10,0;Meizu;4;4;6,52;67,96;151,02
Android 12;Doogee;4;8;6,0;68,16;136,31
Android 12;Doogee;3;4;6,0;68,16;136,31
Android 11;Doogee;8;8;6,39;68,02;147,37
Android 12;Doogee;6;8;6,0;68,16;136,31
Android 12;Doogee;6;8;6,0;68,16;136,31
Android 12;Honor;8;8;6,7;70,13;155,06
Android 12;Realme;8;8;6,7;69,55;155,32
Android 12;Nothing;8;8;6,55;68,27;151,72
Android 12;nubia;12;8;6,8;70,88;157,51
Android 12;nubia;8;8;6,8;70,88;157,51
Android 11;BQ Mobile;3;4;6,8;70,88;157,51
Android 12;Vivo;8;8;6,58;68,4;152,5
Android 12;Xiaomi;8;8;6,55;68,27;151,72
Android 12;Asus;18;8;6,78;72,17;156,36
Android 12;Asus;8;8;6,78;72,17;156,36
Android 12;Xiaomi;8;8;6,73;70,15;155,89
Android 11;Xiaomi;8;8;6,73;70,15;155,89
HarmonyOS 2,0;Huawei;8;8;6,78;70,99;156,9
HarmonyOS 2,0;Huawei;8;8;6,67;69,52;154,5
Android 12;Xiaomi;8;8;6,73;70,15;155,89
Android 12;Xiaomi;8;8;6,28;65,46;145,46
Android 12;HTC;8;8;6,6;68,51;153,0
Android 11;Gionee;4;4;6,52;67,93;150,95
Android 11;Cubot;4;8;4,0;45,44;90,87
Android 12;Samsung;6;8;6,6;68,6;152,96
Android 12;Nokia;4;8;6,52;67,93;150,95
Android 12;iiiF150;6;8;6,52;67,93;150,95
Android 12;iiiF150;6;8;6,5;67,75;150,56
Android 12;iiiF150;6;8;6,52;66,54;151,57
Android 12;iiiF150;6;8;6,5;67,75;150,56
Android 12;Huawei;8;8;6,7;70,13;155,06
Android 12;POCO;8;8;6,6;67,39;153,5
Android 12;POCO;6;8;6,67;69,52;154,5
Android 12;Samsung;4;8;6,6;68,79;152,87
Android 11;Realme;3;8;6,5;67,75;150,56
Android 12;Vivo;4;8;6,51;67,86;150,79
Android 11;Realme;2;8;6,5;67,75;150,56
Android 12;UMIDIGI;2;4;6,52;67,96;151,02
Android 12;UMIDIGI;2;4;6,52;67,96;151,02
Android 12;UMIDIGI;8;8;6,5;67,75;150,56
Android 12;UMIDIGI;6;8;6,5;67,75;150,56
Android 11;Coolpad;4;8;6,58;68,4;152,5
Android 11;Oppo;6;8;6,43;67,02;148,94
Android 12;Realme;4;8;6,5;67,75;150,56
Android 12;Tecno;4;8;6,6;68,79;152,87
Android 12;Tecno;8;8;6,8;69,43;158,15
Android 12;Tecno;8;8;6,8;69,43;158,15
Android 12;Tecno;6;8;6,8;69,43;158,15
Android 12;Tecno;4;8;6,8;69,43;158,15
Android 12;Realme;4;8;6,5;67,75;150,56
Android 11;ZTE;2;8;6,52;67,96;151,02
Android 11;ZTE;3;8;6,75;70,3;156,23
Android 11;ZTE;4;8;6,52;67,96;151,02
Android 12;Motorola;4;8;6,5;67,75;150,56
Android 12;Motorola;4;8;6,4;66,71;148,24
Android 11;Cubot;2;4;5,5;58,43;126,9
Android 12;Realme;8;8;6,62;68,72;153,47
Android 11;POCO;4;8;6,71;69,94;155,42
Android 12;Oppo;6;8;6,56;67,95;152,14
Android 11;Ulefone;4;4;6,82;69,64;158,62
Android 12;Hotwav;4;4;6,53;68,06;151,25
Android 12;OnePlus;8;8;6,59;68,4;152,77
Android 12;Sony;4;8;5,5;60,58;125,88
Android 12;Ulefone;3;4;6,1;64,93;140,68
Android 12;Tecno;4;8;6,6;68,79;152,87
Android 12;TCL;4;8;6,81;69,53;158,38
Android 11;Xiaomi;4;8;6,5;67,75;150,56
Android 11;Vivo;4;8;6,51;67,86;150,79
Android 11;ZTE;4;8;6,75;70,36;156,35
Android 12;Honor;8;8;6,78;70,99;156,9
Android 12;Honor;8;8;6,78;70,99;156,9
Android 12;Honor;8;8;6,67;69,52;154,5
Android 12;UMIDIGI;8;8;6,5;67,75;150,56
Android 12;UMIDIGI;8;8;6,5;67,75;150,56
Android 11;UMIDIGI;4;8;6,7;68,06;155,98
Android 11;UMIDIGI;6;8;6,7;68,06;155,98
Android 11;UMIDIGI;8;8;6,7;68,06;155,98
Android 12;Xiaomi;8;8;6,6;67,39;153,5
Android 12;Xiaomi;6;8;6,6;67,39;153,5
Android 11;Xiaomi;4;8;6,5;67,75;150,56
Android 12;Motorola;3;8;6,5;67,75;150,56
Android 11;Tecno;4;8;6,9;70,45;160,48
Android 12;Samsung;4;8;6,6;68,79;152,87
Android 12;Oppo;3;8;6,56;67,95;152,14
Android 12;Vivo;8;8;6,58;68,4;152,5
Android 12;Realme;6;8;6,7;69,55;155,32
Android 12;Oppo;8;8;6,7;69,55;155,32
Android 12;Oppo;8;8;6,62;69,0;153,34
Android 12;Oppo;8;8;6,43;67,02;148,94
Android 11;Vivo;8;8;6,58;68,4;152,5
Android 12;Realme;4;8;6,6;68,79;152,87
Android 12;Vivo;8;8;6,78;70,67;157,04
Android 12;Vivo;8;8;6,78;70,67;157,04
Android 12;Vivo;8;8;6,78;70,67;157,04
Android 11;Cubot;4;4;4,0;45,44;90,87
Android 12;Motorola;8;8;6,6;68,79;152,87
Android 11;Vivo;8;8;6,44;67,13;149,17
Android 12;Infinix;8;8;6,7;69,84;155,19
Android 12;Infinix;8;8;6,7;69,84;155,19
Android 12;Vivo;8;8;6,56;68,95;151,69
Android 12;Vivo;8;8;6,62;69,0;153,34
Android 12;TCL;3;4;6,1;64,93;140,68
Android 11;UMIDIGI;4;4;6,7;68,06;155,98
Android 11;UMIDIGI;4;8;6,7;68,06;155,98
Android 11;Oukitel;4;8;6,52;67,96;151,02
Android 12;Oukitel;8;8;6,78;70,67;157,04
Android 12;Realme;4;8;6,6;68,51;153,0
Android 12;TCL;3;4;6,08;64,72;140,22
Android 11;Infinix;4;8;6,82;69,64;158,62
Android 12;OnePlus;6;8;6,7;69,55;155,32
Android 12;Motorola;6;8;6,6;68,79;152,87
Android 12;Sony;6;8;6,0;60,03;140,08
Android 12;Sony;12;8;6,5;64,98;151,78
Android 11;Honor;4;8;6,5;67,75;150,56
Android 11;AGM;8;8;6,53;69,51;150,6
Android 12;Vivo;8;8;6,62;69,0;153,34
Android 12;Vivo;8;8;6,62;69,0;153,34
Android 11;UMIDIGI;6;8;6,7;68,06;155,98
Android 12;Realme;4;8;6,56;67,95;152,14
Android 12;Realme;8;8;6,58;68,4;152,5
Android 12;ZTE;8;8;6,8;70,88;157,51
Android 12;ZTE;8;8;6,67;69,52;154,5
Android 12;Sharp;4;8;5,6;60,89;128,55
Android 12;Sharp;12;8;6,6;70,25;152,21
Android 12;Vivo;3;8;6,51;67,86;150,79
Android 11;Oppo;8;8;6,43;67,02;148,94
Android 11;OnePlus;6;8;6,43;67,02;148,94
Android 12;OnePlus;8;8;6,7;69,55;155,32
Android 12;OnePlus;6;8;6,59;68,4;152,77
Android 11;Vivo;8;8;6,44;67,13;149,17
Android 11;HiSense;6;8;6,78;69,23;157,68
Android 11;Oppo;8;8;6,43;67,02;148,94
Android 12;Infinix;4;8;6,82;70,65;158,17
Android 11;Infinix;4;8;6,7;69,64;155,28
Android 11;BLU;8;8;6,8;69,43;158,15
Android 12;Motorola;8;8;6,5;67,75;150,56
Android 12;Motorola;6;8;6,5;67,75;150,56
Android 11;Motorola;8;8;6,8;69,43;158,15
Android 11;Blackview;8;8;6,58;68,4;152,5
Android 11;Blackview;8;8;6,58;68,4;152,5
Android 11;Vivo;8;8;6,44;67,13;149,17
Android 11;Motorola;4;8;6,5;67,75;150,56
Android 12;POCO;4;8;6,58;68,4;152,5
HarmonyOS 2,0;Huawei;8;8;6,5;70,74;149,18
Android 12;Doogee;8;8;6,3;67,06;145,29
Android 12;Vivo;8;8;6,44;66,94;149,25
Android 12;Vivo;6;8;6,44;66,94;149,25
Android 11;Infinix;2;8;6,6;68,79;152,87
Android 12;Infinix;6;8;6,82;70,65;158,17
Android 11;Vivo;8;8;6,44;67,03;149,21
Android 12;Vivo;4;8;6,58;68,4;152,5
Android 11;Infinix;4;8;6,7;69,84;155,19
Android 12;Oukitel;4;4;5,93;67,36;134,72
Android 12;POCO;8;8;6,67;69,52;154,5
Android 12;Realme;6;8;6,62;69,0;153,34
Android 12;Realme;6;8;6,6;68,51;153,0
Android 11;Xiaomi;8;8;6,71;69,94;155,42
Android 11;Xiaomi;8;8;6,55;68,27;151,72
Android 11;Xiaomi;3;8;6,53;68,06;151,25
Android 11;Samsung;6;8;6,7;69,84;155,19
Android 11;Sharp;4;8;6,1;62,88;141,61
Android 11;Oppo;6;8;6,5;67,75;150,56
Android 11;Honor;8;8;6,74;70,25;156,12
Android 11;Honor;8;8;6,7;70,13;155,06
Android 11;Oppo;8;8;6,43;67,02;148,94
Android 11;Oppo;8;8;6,43;67,02;148,94
Android 12;Motorola;4;8;6,6;68,79;152,87
Android 12;Oppo;8;8;6,56;67,95;152,14
Android 12;Vivo;8;8;7,0;75,3;161,07
Android 12;Vivo;4;8;6,5;67,75;150,56
Android 12;Realme;6;8;6,4;66,71;148,24
Android 11;Honor;6;8;6,81;71,28;157,61
Android 11;Realme;3;8;6,52;67,96;151,02
Android 12;Xiaomi;8;8;6,67;69,52;154,5
Android 12;Xiaomi;8;8;6,67;69,52;154,5
Android 12;Xiaomi;8;8;6,67;69,52;154,5
Android 11;Honor;6;8;6,81;71,28;157,61
Android 11;Infinix;2;4;6,6;68,37;153,07
Android 12;Samsung;6;8;6,4;66,71;148,24
Android 12;Samsung;8;8;6,7;69,84;155,19
Android 11;Xiaomi;4;8;6,58;68,4;152,5
Android 11;Xiaomi;4;8;6,6;68,79;152,87
Android 11;Oppo;8;8;6,43;67,02;148,94
Android 11;Honor;4;8;6,74;70,25;156,12
Android 11;Honor;6;8;6,81;71,28;157,61
Android 12;Vivo;4;8;6,51;67,86;150,79
Android 11;Oppo;6;8;6,59;68,4;152,77
Android 11;Energizer;1;4;5,0;62,23;110,71
Android 11;Realme;4;8;6,6;163,62;36,48
Android 12;Vivo;4;8;6,58;68,4;152,5
Android 11;Lava;3;4;6,5;67,75;150,56
Android 12;Kyocera;4;8;6,1;63,58;141,29
HarmonyOS 2,0;Huawei;8;8;6,5;68,17;150,37
Android 12;Realme;6;8;6,7;69,55;155,32
Android 11;UMIDIGI;4;4;6,7;68,06;155,98
Android 11;UMIDIGI;4;8;6,7;68,06;155,98
Android 11;Oppo;6;8;6,56;67,95;152,14
Android 11;Oppo;8;8;6,59;68,4;152,77
Android 11;Oppo;3;8;6,52;67,96;151,02
Android 11;Xiaomi;8;8;6,67;69,52;154,5
Android 11;Xiaomi;8;8;6,67;69,52;154,5
Android 11;Xiaomi;6;8;6,67;69,52;154,5
Android 12;Honor;12;8;6,81;72,37;157,1
Android 12;Samsung;6;8;6,46;67,33;149,63
Android 11;Ulefone;3;4;6,52;67,96;151,02
Android 11;Ulefone;4;8;5,45;61,91;123,82
Android 11;Blackview;4;8;5,7;64,75;129,5
Android 11;itel;2;4;6,6;68,37;153,07
Android 11;Honor;6;8;6,7;70,13;155,06
Android 11;Vivo;2;8;6,51;67,86;150,79
Android 11;Huawei;8;8;6,78;70,96;156,91
Android 11;Xiaomi;6;8;6,67;69,52;154,5
Android 11;Realme;6;8;6,6;68,79;152,87
Android 11;Realme;4;8;6,5;67,47;150,68
Android 11;Lava;2;8;6,5;67,75;150,56
Android 12;AGM;4;8;6,52;67,96;151,02
Android 11;Blackview;4;4;6,53;68,06;151,25
Android 11;Blackview;3;4;6,09;64,8;140,4
Android 12;Motorola;4;8;6,5;67,75;150,56
Android 12;Realme;12;8;6,6;68,51;153,0
Android 12;Motorola;8;8;6,7;69,84;155,19
Android 11;Blackview;4;8;6,53;68,04;151,21
Android 12;Motorola;8;8;6,7;69,84;155,19
Android 12;Samsung;4;8;6,6;68,79;152,87
Android 12;Ulefone;6;8;6,52;67,96;151,02
Android 11;UMIDIGI;4;8;6,8;69,08;158,3
Android 12;Samsung;6;8;6,6;68,6;152,96
Android 12;Samsung;4;8;6,6;68,6;152,96
Android 12;Samsung;3;8;6,6;68,6;152,96
Android 12;Samsung;4;8;6,6;68,6;152,96
Android 12;Doogee;8;8;6,3;67,06;145,29
Android 11;Oukitel;4;4;5,93;67,36;134,72
Android 11;Xiaomi;4;8;6,58;68,4;152,5
Android 12;Vivo;4;8;6,51;67,86;150,79
Android 11;Oppo;8;8;6,43;67,02;148,94
Android 11;HiSense;8;8;6,6;68,79;152,87
Android 11;Xiaomi;6;8;6,67;69,52;154,5
Android 12;Honor;8;8;6,81;72,37;157,1
Android 12;Honor;8;8;6,81;72,22;157,18
Android 11;POCO;6;8;6,67;69,52;154,5
Android 11;POCO;6;8;6,43;67,02;148,94
Android 12;Lenovo;12;8;6,92;70,66;160,94
HarmonyOS 2,0;Huawei;8;8;6,5;68,32;150,3
HarmonyOS 2,0;Huawei;8;8;6,76;74,91;154,5
Android 11;Cubot;6;8;6,21;67,52;142,55
Android 11;Asus;8;8;5,92;60,69;137,57
Android 11;Nokia;1;4;5,7;64,75;129,5
Android 11;Nokia;4;4;6,52;67,93;150,95
Android 11;Nokia;2;4;6,52;67,93;150,95
Android 11;Nokia;1;4;6,52;67,93;150,95
Android 12;TCL;3;8;6,52;67,96;151,02
Android 12;TCL;4;8;6,7;69,84;155,19
Android 12;TCL;4;8;6,7;69,84;155,19
Android 12;TCL;4;8;6,7;69,84;155,19
Android 12;nubia;12;8;6,67;69,52;154,5
Android 12;nubia;8;8;6,67;69,52;154,5
Android 11;Oppo;8;8;6,43;67,02;148,94
Android 12;Oppo;12;8;6,7;69,55;155,32
Android 12;Oppo;8;8;6,7;69,55;155,32
Android 12;Oppo;8;8;6,55;68,27;151,72
Android 11;Alcatel;4;4;6,52;67,96;151,02
Android 11;Nokia;3;8;6,5;67,75;150,56
Android 11;Nokia;4;8;6,5;67,75;150,56
Android 11;Xiaomi;4;8;6,5;67,75;150,56
Android 11;BLU;8;8;6,8;69,43;158,15
Android 11;Vivo;8;8;6,62;69,0;153,34
Android 11;Realme;4;8;6,6;68,51;153,0
Android 12;Realme;6;8;6,4;66,71;148,24
Android 12;Realme;6;8;6,4;66,43;148,37
Android 11;OnePlus;8;8;6,43;67,02;148,94
Android 12;nubia;8;8;6,8;70,88;157,51
Android 12;nubia;12;8;6,8;70,88;157,51
Android 12;Xiaomi;8;8;6,67;69,52;154,5
Android 11;TCL;4;8;6,52;67,96;151,02
Android 12;TCL;3;8;6,52;67,96;151,02
Android 11;Doogee;8;8;6,43;67,02;148,94
Android 11;Lenovo;4;8;6,5;67,75;150,56
Android 11;Vivo;8;8;6,58;68,4;152,5
Android 12;Samsung;8;8;6,6;70,25;152,21
Android 12;Samsung;8;8;6,1;64,93;140,68
Android 12;Samsung;8;8;6,8;73,15;156,46
Android 11;Infinix;8;8;6,78;69,23;157,68
Android 11;Honor;8;8;6,67;69,52;154,5
Android 11;BLU;4;8;6,8;69,43;158,15
Android 11;BLU;2;8;6,4;68,12;147,6
Android 11;Tecno;2;4;5,7;61,98;130,84
HarmonyOS;Gionee;4;4;6,26;65,24;144,99
Android 10,0;BQ Mobile;2;8;6,26;68,07;143,7
Android 11;Motorola;6;8;6,8;69,43;158,15
Android 10,0;Huawei;8;8;6,63;69,11;153,57
Android 11;TCL;4;4;6,52;67,96;151,02
Android 11;Tecno;2;8;6,6;68,37;153,07
Android 11;TCL;4;8;6,67;69,52;154,5
Android 11;BQ Mobile;2;4;6,09;64,82;140,45
Android 11;Vivo;8;8;6,58;68,4;152,5
Android 10,0;Tecno;2;4;6,5;69,19;149,9
Android 11;Xiaomi;6;8;6,67;69,52;154,5
Android 11;Xiaomi;6;8;6,43;67,02;148,94
Android 11;Xiaomi;6;8;6,67;69,52;154,5
Android 11;Xiaomi;4;8;6,43;67,02;148,94
Android 12;Samsung;8;8;6,8;73,15;156,46
Android 12;Samsung;8;8;6,6;70,25;152,21
Android 12;Samsung;8;8;6,1;64,93;140,68
Android 11;Vivo;4;8;6,51;67,86;150,79
Android 11;Vivo;4;8;6,58;68,4;152,5
Android 11;Blackview;8;4;6,53;68,04;151,21
Android 11;Ulefone;8;8;6,81;70,98;157,74
Android 11;Vivo;4;8;6,51;67,86;150,79
Android 11;Vivo;4;8;6,51;67,86;150,79
Android 11;Oppo;6;8;6,43;67,02;148,94
Android 11;Vivo;4;8;6,58;68,4;152,5
Android 11;Vivo;3;8;6,51;67,86;150,79
HarmonyOS 2,0;Huawei;8;8;6,9;68,66;161,25
Android 11;Tecno;6;8;6,8;69,43;158,15
Android 11;Tecno;8;8;6,9;70,45;160,48
Android 11;Blackview;4;4;6,52;67,93;150,95
Android 11;Realme;4;8;6,6;68,79;152,87
Android 11;Blackview;4;8;5,7;64,75;129,5
Android 11;Vivo;8;8;6,58;68,4;152,5
Android 12;Vivo;8;8;6,56;68,95;151,69
Android 11;Oukitel;8;8;6,39;68,02;147,37
Android 10,0;Meizu;4;4;6,52;67,96;151,02
Android 12;Vivo;8;8;6,78;70,67;157,04
Android 12;Vivo;8;8;6,78;70,67;157,04
Android 12;Vivo;4;8;6,58;68,59;152,41
Android 12;Realme;8;8;6,7;69,55;155,32
Android 12;Realme;8;8;6,62;69,0;153,34
Android 12;Honor;12;8;7,9;151,14;131,98
Android 11;Oppo;8;8;6,43;67,02;148,94
Android 11;Oppo;8;8;6,56;67,95;152,14
Android 12;Xiaomi;8;8;6,28;65,46;145,46
Android 12;Xiaomi;8;8;6,28;65,46;145,46
Android 12;Xiaomi;8;8;6,73;70,15;155,89
Android 11;Blackview;8;8;6,58;68,4;152,5
Android 11;Vivo;8;8;6,56;68,95;151,69
Android 11;Vivo;8;8;6,44;67,13;149,17
Android 11;Vivo;8;8;6,51;67,86;150,79
Android 11;Vivo;8;8;6,67;69,52;154,5
Android 11;Vivo;8;8;6,62;69,0;153,34
Android 11;Vivo;8;8;6,56;68,95;151,69
Android 11;Honor;4;8;6,74;68,82;156,75
Android 11;Honor;6;8;6,81;71,28;157,61
Android 11;Tecno;4;8;6,6;68,6;152,96
Android 10,0;HTC;4;8;6,82;69,64;158,62
Android 11;Oppo;8;8;7,1;131,84;123,05
Android 11;UMIDIGI;4;4;6,53;68,06;151,25
Android 11;UMIDIGI;4;4;6,53;68,06;151,25
Android 11;UMIDIGI;4;4;6,53;68,06;151,25
Android 11;UMIDIGI;4;4;6,53;68,06;151,25
Android 11;Vivo;4;8;6,58;68,4;152,5
Android 11;TCL;4;8;6,52;67,96;151,02
Android 11;Blackview;3;4;6,53;68,04;151,21
Android 12;Samsung;6;8;6,4;66,71;148,24
Android 12;Samsung;6;8;6,4;66,71;148,24
Android 12;Motorola;8;8;6,7;69,84;155,19
Android 11;Motorola;6;8;6,8;69,43;158,15
Android 11;Tecno;4;8;6,8;69,43;158,15
Android 11;Sharp;4;8;5,6;60,89;128,55
Android 11;Blackview;3;4;5,7;64,75;129,5
Android 10,0;Oppo;4;8;6,5;67,75;150,56
Android 11;Cubot;1;4;4,0;49,78;88,57
Android 11;Tecno;4;8;6,8;69,43;158,15
Android 11;Honor;8;8;6,78;70,99;156,9
Android 11;Honor;8;8;6,67;69,52;154,5
Android 11;Xiaomi;6;8;6,6;68,79;152,87
Android 11;Doogee;3;4;5,0;56,8;113,59
Android 11;Vivo;8;8;6,53;69,51;150,6
Android 11;Infinix;2;8;6,52;69,4;150,37
Android 11;Motorola;4;8;6,5;67,75;150,56
HarmonyOS 2,0;Huawei;8;8;6,5;67,75;150,56
Android 11;Samsung;3;8;6,5;67,75;150,56
Android 11;ZTE;8;8;6,67;69,52;154,5
Android 11;Xiaomi;4;8;6,5;67,75;150,56
Android 11;Oukitel;6;8;6,52;67,96;151,02
Android 11;Oppo;8;8;6,43;67,02;148,94
Android 11;Ulefone;4;8;6,5;67,75;150,56
Android 12;Google;6;8;6,1;64,93;140,68
Android 11;Oppo;8;8;6,55;68,27;151,72
Android 11;Oppo;8;8;6,55;68,27;151,72
Android 11;Vivo;8;8;6,44;67,03;149,21
Android 11;Vivo;8;8;6,58;68,4;152,5
Android 12;OnePlus;8;8;6,7;69,55;155,32
Android 11;Oppo;6;8;6,49;67,65;150,33
Android 11;Vivo;8;8;6,58;68,4;152,5
Android 11;Motorola;8;8;6,8;69,43;158,15
Android 11;Motorola;6;8;6,4;66,71;148,24
Android 11;Motorola;4;8;6,8;70,88;157,51
Android 11;Motorola;4;8;6,4;66,71;148,24
Android 11;Motorola;4;8;6,4;66,71;148,24
Android 11;Oppo;4;8;6,5;67,75;150,56
Android 11;Vivo;6;8;6,51;67,86;150,79
Android 11;AGM;8;8;6,53;69,51;150,6
Android 11;AGM;8;8;6,53;69,51;150,6
Android 11;AGM;8;8;6,53;69,51;150,6
Android 11;Infinix;4;8;6,95;70,96;161,64
Android 11;Infinix;4;8;6,7;69,84;155,19
Android 11;Tecno;4;8;6,6;68,79;152,87
HarmonyOS 2,0;Huawei;8;8;6,3;65,67;145,93
Android 11;BQ Mobile;2;4;5,45;61,91;123,82
Android 11;Vivo;8;8;6,58;68,4;152,5
Android 11;Vivo;4;8;6,51;67,86;150,79
Android 11;Oppo;8;8;6,43;67,02;148,94
Android 11;Infinix;4;8;6,82;69,64;158,62
Android 11;Infinix;6;8;6,95;70,96;161,64
Android 11;ZTE;4;8;6,76;70,46;156,58
Android 11;Oppo;3;8;6,52;67,96;151,02
Android 11;Leica;12;8;6,6;70,25;152,21
Android 11;Nokia;4;8;6,67;69,52;154,5
Android 11;ZTE;1;8;6,0;68,16;136,31
Android 11;UMIDIGI;4;4;6,53;68,06;151,25
Android 11;UMIDIGI;4;4;6,53;68,06;151,25
Android 11;Nokia;4;8;6,5;67,75;150,56
Android 11;Vivo;3;8;6,51;67,86;150,79
Android 11;Motorola;2;8;6,5;67,75;150,56
Android 11;POCO;4;8;6,6;68,79;152,87
Android 11;HiSense;8;8;6,78;69,23;157,68
Android 11;Xiaomi;6;8;6,67;69,52;154,5
Android 11;Xiaomi;6;8;6,67;69,52;154,5
Android 11;Xiaomi;4;8;6,6;68,79;152,87
Android 11;Honor;8;8;7,09;77,09;162,75
Android 11;Honor;6;8;6,7;70,13;155,06
Android 11;Honor;6;8;6,57;69,93;151,52
Android 11;Oppo;4;8;6,52;67,96;151,02
Android 11;Sony;12;8;6,5;64,98;151,78
Android 11;Tecno;4;8;6,6;68,6;152,96
Android 11;Ulefone;2;8;6,1;64,93;140,68
Android 11;Oppo;6;8;6,5;67,75;150,56
Android 11;Vivo;8;8;6,44;67,13;149,17
Android 11;Vivo;2;8;6,51;67,86;150,79
Android 12;Gigaset;4;8;6,3;67,06;145,29
Android 11;Vivo;8;8;6,44;67,13;149,17
Android 11;Vivo;8;8;6,67;69,52;154,5
Android 11;Vivo;6;8;6,58;68,4;152,5
Android 11;Realme;8;8;6,6;68,51;153,0
Android 11;Realme;6;8;6,6;68,51;153,0
Android 11;Realme;8;8;6,43;67,02;148,94
Android 10,0;Huawei;4;8;6,3;65,67;145,93
Android 11;Vivo;6;8;6,58;68,4;152,5
Android 11;Oppo;6;8;6,59;68,4;152,77
Android 12;Google;12;8;6,71;71,42;154,75
Android 12;Google;8;8;6,4;68,12;147,6
Android 11;Samsung;16;8;7,6;150,69;120,66
Android 11;Ulefone;4;8;6,52;67,96;151,02
Android 11;Infinix;8;8;6,95;70,96;161,64
Android 11;Xiaomi;8;8;6,67;69,52;154,5
Android 11;Xiaomi;8;8;6,67;69,52;154,5
Android 11;OnePlus;8;8;6,62;69,0;153,34
Android 11;Ulefone;4;8;5,5;62,48;124,95
Android 11;Vivo;6;8;6,51;67,86;150,79
Android 9,0 Pie;Samsung;6;8;6,2;68,89;141,61
Android 11;Samsung;6;8;6,5;67,75;150,56
Android 11;FCNT;4;8;5,7;61,98;130,84
Android 11;Gionee;3;4;6,8;70,88;157,51
Android 11;Infinix;8;8;6,67;69,52;154,5
Android 11;Infinix;8;8;6,78;69,23;157,68
Android 11;Infinix;8;8;6,67;69,52;154,5
Android 11;Infinix;2;8;6,52;67,96;151,02
Android 11;Ulefone;2;8;5,7;64,75;129,5
Android 11;Doogee;2;8;6,52;67,96;151,02
Android 11;Blackview;1;4;6,09;64,8;140,4
Android 11;Blackview;2;8;5,7;64,75;129,5
Android 11;Xiaomi;8;8;6,55;68,27;151,72
Android 10,0;Xiaomi;4;8;6,53;68,06;151,25
Android 11;Samsung;6;8;6,6;68,6;152,96
Android 11;Oppo;4;8;6,51;67,86;150,79
Android 10,0;Alcatel;4;8;6,22;67,63;142,78
Android 11;Tecno;8;8;6,8;69,43;158,15
Android 11;Tecno;4;8;6,8;69,43;158,15
Android 11;Tecno;8;8;6,7;69,84;155,19
Android 11;Samsung;6;8;6,6;68,79;152,87
Android 11;Samsung;3;8;6,8;72,38;156,82
Android 10,0;Huawei;4;8;6,6;68,79;152,87
Android 11;Oukitel;4;4;6,52;67,96;151,02
Android 11;Oukitel;4;8;6,95;70,96;161,64
Android 11;UMIDIGI;4;8;6,3;67,06;145,29
Android 11;Motorola;2;8;6,5;67,75;150,56
Android 11;UMIDIGI;4;8;6,53;68,06;151,25
Android 11;UMIDIGI;4;8;6,53;68,06;151,25
Android 11;itel;2;8;6,52;67,96;151,02
Android 11;Oukitel;8;8;6,78;70,67;157,04
Android 11;Fairphone;6;8;6,3;67,06;145,29
Android 10,0;POCO;3;8;6,53;68,06;151,25
Android 11;Xiaomi;4;8;6,67;69,52;154,5
Android 11;ZTE;12;8;6,67;69,52;154,5
Android 11;ZTE;8;8;6,67;69,52;154,5
Android 11;ZTE;8;8;6,67;69,52;154,5
Android 11;ZTE;8;8;6,92;70,66;160,94
Android 11;Samsung;6;8;6,7;69,84;155,19
Android 11;Sharp;4;8;6,1;62,88;141,61
Android 11;Sharp;8;8;6,4;68,12;147,6
Android 11;Oppo;8;8;6,43;67,02;148,94
Android 11;Oppo;6;8;6,43;67,02;148,94
Android 10,0;Xiaomi;2;8;6,58;68,59;152,41
Android 10,0;Xiaomi;4;8;6,58;68,59;152,41
Android 11;Realme;4;8;6,5;67,75;150,56
Android 11;Realme;2;8;6,5;67,75;150,56
Android 11;Realme;4;8;6,5;67,75;150,56
HarmonyOS 2,0;Huawei;8;8;6,72;71,57;154,96
HarmonyOS 2,0;Huawei;8;8;6,57;69,93;151,52
Android 11;Vivo;8;8;6,67;69,52;154,5
Android 11;Meizu;8;8;6,67;69,52;154,5
Android 11;Meizu;8;8;6,7;69,84;155,19
Android 11;Meizu;8;8;6,2;64,62;143,61
Android 11;Realme;6;8;6,62;69,0;153,34
Android 11;Nokia;4;8;6,82;72,59;157,28
Android 11;Cubot;3;8;5,99;68,04;136,08
Android 11;Infinix;4;8;6,78;68,76;157,89
Android 11;Infinix;4;8;6,6;68,6;152,96
Android 11;Realme;4;8;6,5;67,75;150,56
Android 11;Vivo;8;8;6,62;69,0;153,34
Android 11;Blackview;4;8;5,7;64,75;129,5
Android 11;Blackview;4;8;5,7;64,75;129,5
Android 11;Samsung;4;8;6,4;66,71;148,24
Android 11;TCL;4;8;6,52;67,96;151,02
Android 10,0;Honor;8;8;6,53;68,06;151,25
Android 11;Oppo;16;8;6,7;69,55;155,32
Android 11;Xiaomi;6;8;6,55;68,27;151,72
Android 11;Xiaomi;8;8;6,67;69,52;154,5
Android 11;Xiaomi;8;8;6,67;69,52;154,5
Android 11;Tecno;2;8;6,5;67,75;150,56
Android 11;Realme;4;8;6,6;68,79;152,87
Android 11;Realme;6;8;6,5;67,75;150,56
Android 11;Vivo;8;8;6,78;70,67;157,04
Android 11;Vivo;8;8;6,56;68,95;151,69
Android 11;Vivo;8;8;6,56;68,95;151,69
Android 11;HiSense;2;8;6,09;64,8;140,4
Android 11;Conquest;4;8;5,7;64,75;129,5
Android 11;Xiaomi;4;8;6,5;67,75;150,56
Android 10,0;TCL;4;8;6,22;67,63;142,78
Android 11;Ulefone;3;8;5,5;62,48;124,95
Android 11;nubia;8;8;6,8;70,88;157,51
Android 11;Vivo;4;8;6,51;67,86;150,79
Android 10,0;Xiaomi;6;8;6,67;69,52;154,5
Android 11;F150;8;8;6,78;69,23;157,68
Android 10,0;F150;6;8;5,86;62,37;135,14
Android 11;BLU;6;8;6,7;69,84;155,19
Android 11;Motorola;4;8;6,5;67,75;150,56
Android 11;Samsung;4;8;6,5;67,75;150,56
Android 10,0;Lenovo;2;8;6,5;67,75;150,56
Android 11;Vivo;8;8;6,58;68,4;152,5
Android 11;AGM;4;8;5,7;64,75;129,5
Android 11;Sony;6;8;6,0;60,03;140,08
Android 11;Cubot;4;8;6,09;64,8;140,4
Android 11;Ulefone;4;8;6,82;76,62;155,36
Android 11;Vivo;4;8;6,51;67,86;150,79
Android 10,0;Ulefone;4;8;5,7;64,75;129,5
Android 11;Oppo;4;8;6,52;67,96;151,02
Android 11;Ulefone;8;8;6,52;67,96;151,02
Android 11;Doogee;8;8;6,39;68,02;147,37
Android 11;Samsung;3;8;6,5;67,75;150,56
Android 11;Motorola;6;8;6,7;69,84;155,19
Android 11;Google;6;8;6,34;67,48;146,21
Android 11;Vivo;8;8;6,56;68,95;151,69
Android 11;Asus;18;8;6,78;72,17;156,36
Android 11;Asus;8;8;6,78;72,17;156,36
Android 10,0;Honor;8;8;6,6;68,79;152,87
Android 11;Motorola;6;8;6,7;69,84;155,19
Android 11;Huawei;8;6;6,57;69,93;151,52
Android 11;BQ Mobile;3;8;6,52;67,96;151,02
Android 11;Infinix;2;4;6,52;69,4;150,37
Android 10,0;Samsung;3;8;6,5;69,19;149,9
Android 11;Cubot;4;8;6,95;70,96;161,64
Android 11;Cubot;8;8;6,36;68,66;146,23
Android 11;UMIDIGI;8;8;6,8;69,43;158,15
Android 11;Vivo;3;8;6,51;67,86;150,79
Android 11;Xiaomi;4;8;6,5;67,75;150,56
Android 11;Realme;3;8;6,5;67,75;150,56
Android 11;Honor;6;8;6,67;70,11;154,23
Android 11;Honor;8;8;6,76;74,91;154,5
Android 11;Honor;8;8;6,76;74,91;154,5
Android 11;Honor;12;8;6,76;74,91;154,5
Android 11;Motorola;6;8;6,78;69,23;157,68
Android 11;Samsung;12;8;7,6;150,69;120,66
Android 11;Samsung;8;8;6,7;64,44;157,51
Android 11;Xiaomi;8;8;6,67;71,0;153,82
Android 11;Ulefone;6;8;6,1;64,93;140,68
Android 11;Motorola;8;8;6,7;69,84;155,19
Android 11;Motorola;12;8;6,7;69,84;155,19
Android 11;Motorola;8;8;6,7;69,84;155,19
Android 11;Nokia;6;8;6,67;69,52;154,5
Android 11;Nokia;2;4;6,82;71,09;157,97
Android 10,0;Doogee;2;4;5,0;56,8;113,59
Android 10,0;Huawei;8;8;6,6;68,79;152,87
HarmonyOS 2,0;Huawei;8;8;6,5;68,17;150,37
HarmonyOS 2,0;Huawei;8;8;6,6;69,4;152,6
HarmonyOS 2,0;Huawei;8;8;6,6;69,4;152,6
Android 11;Oukitel;8;8;6,52;67,96;151,02
Android 11;Oukitel;8;8;6,52;67,96;151,02
Android 11;Blackview;6;8;6,67;69,52;154,5
Android 11;Blackview;8;8;6,36;68,66;146,23
Android 11;POCO;8;8;6,6;68,79;152,87
Android 11;TCL;4;8;6,52;67,96;151,02
Android 11;Alcatel;4;8;6,52;67,96;151,02
Android 11;Vivo;8;8;6,58;68,4;152,5
Android 11;Samsung;4;8;6,4;66,71;148,24
Android 10,0;Huawei;6;8;6,67;70,11;154,23
Android 11;Xiaomi;4;8;6,5;67,75;150,56
Android 11;Oppo;8;8;6,5;67,75;150,56
Android 11;POCO;6;8;6,67;69,52;154,5
Android 11;OnePlus;6;8;6,43;67,02;148,94
Android 11;Samsung;4;8;6,4;68,12;147,6
Android 11;Realme;8;8;6,43;67,02;148,94
Android 11;Realme;8;8;6,55;68,27;151,72
Android 11;ZTE;2;8;5,45;61,91;123,82
Android 11;ZTE;3;8;6,52;67,96;151,02
Android 11;ZTE;2;8;6,52;67,93;150,95
Android 11;ZTE;2;8;6,09;64,8;140,4
Android 11;Vivo;8;8;6,44;67,13;149,17
Android 11;Vivo;12;8;6,44;67,13;149,17
Android 11;ZTE;3;8;6,82;69,64;158,62
Android 11;ZTE;4;8;6,67;69,52;154,5
Android 11;Oppo;8;8;6,4;66,71;148,24
Android 11;Doogee;6;8;6,52;67,26;151,33
Android 11;Xiaomi;4;8;6,43;67,02;148,94
Android 11;Vivo;6;8;6,58;68,4;152,5
Android 11;Honor;6;8;6,6;68,79;152,87
Android 11;TCL;4;8;6,67;69,52;154,5
Android 11;Tecno;8;8;6,7;71,32;154,52
Android 11;Oukitel;4;8;5,5;62,48;124,95
Android 10,0;Oukitel;4;8;6,39;68,02;147,37
Android 11;Lenovo;4;8;6,5;67,75;150,56
Android 11;Samsung;4;8;6,4;66,71;148,24
Android 11;Doogee;8;8;6,39;68,02;147,37
Android 11;Honor;8;8;6,78;70,96;156,91
Android 11;Honor;8;8;6,72;71,57;154,96
Android 11;Honor;8;8;6,57;69,93;151,52
Android 11;OnePlus;4;8;6,49;67,65;150,33
Android 11;Realme;8;8;6,43;67,02;148,94
Android 11;OnePlus;6;8;6,43;67,02;148,94
Android 11;Vivo;8;8;6,58;68,4;152,5
Android 11;Vivo;4;8;6,51;67,86;150,79
Android 11;Realme;4;8;6,5;67,75;150,56
Android 11;Tecno;6;8;6,9;71,92;159,82
Android 11;UMIDIGI;3;8;6,53;68,06;151,25
Android 10,0;Vivo;6;8;6,53;69,51;150,6
Android 11;Samsung;4;8;6,6;68,79;152,87
Android 11;Samsung;4;8;6,4;66,71;148,24
Android 11;Samsung;6;8;6,5;67,75;150,56
Android 10,0;Doogee;8;8;6,09;64,82;140,45
Android 11;UMIDIGI;8;8;6,3;67,06;145,29
Android 11;UMIDIGI;3;8;6,53;68,06;151,25
Android 11;Realme;6;8;6,43;67,02;148,94
Android 11;Coolpad;4;8;6,52;67,93;150,95
Android 11;Ulefone;8;8;6,09;64,8;140,4
Android 11;nubia;6;8;6,67;69,52;154,5
Android 11;nubia;12;8;6,8;70,88;157,51
Android 11;nubia;8;8;6,8;70,88;157,51
Android 11;Oppo;8;8;6,55;68,27;151,72
Android 11;Oppo;8;8;6,55;68,27;151,72
Android 11;Oppo;8;8;6,43;67,02;148,94
Android 11;Wiko;4;8;6,82;69,64;158,62
Android 11;Wiko;2;8;6,82;69,64;158,62
Android 11;Wiko;3;8;6,82;69,64;158,62
Android 11;Realme;8;8;6,43;67,02;148,94
Android 11;Realme;4;8;6,5;67,75;150,56
Android 11;Xiaomi;4;8;6,3;67,06;145,29
Android 10,0;Oukitel;6;8;5,86;63,72;134,52
Android 11;Oppo;6;8;6,5;67,75;150,56
Android 11;Vivo;8;8;6,57;68,29;152,26
Android 11;Vivo;8;8;6,56;68,95;151,69
Android 11;nubia;8;8;6,67;69,52;154,5
Android 11;Sony;4;8;5,5;57,33;127,4
Android 11;Sharp;12;8;6,6;70,25;152,21
Android 11;POCO;4;8;6,5;67,75;150,56
Android 11;Cubot;4;8;6,09;64,8;140,4
Android 11;Samsung;8;8;6,6;68,6;152,96
Android 10,0;Honor;6;8;6,52;67,93;150,95
Android 10,0;Honor;8;8;6,53;68,06;151,25
Android 11;Oppo;16;8;6,7;69,55;155,32
Android 11;Realme;6;8;6,5;67,75;150,56
Android 11;Xiaomi;4;8;6,5;67,75;150,56
Android 11;Tecno;4;8;6,6;68,79;152,87
Android 11;Tecno;6;8;6,8;69,43;158,15
Android 11;Tecno;8;8;6,8;69,43;158,15
Android 11;Infinix;4;8;6,95;70,96;161,64
Android 11;Infinix;6;8;6,95;70,96;161,64
Android 11;Xiaomi;6;8;6,43;67,02;148,94
Android 11;Vivo;8;8;6,62;69,0;153,34
Android 11;Asus;6;8;5,9;60,49;137,11
Android 11;Blackview;4;8;6,39;68,02;147,37
Android 11;Asus;8;8;6,67;68,38;155,0
Android 11;Vivo;8;8;6,58;68,4;152,5
Android 10,0;Oukitel;3;4;6,52;67,96;151,02
Android 11;Oppo;8;8;6,43;67,02;148,94
Android 10,0;Oppo;4;8;6,51;67,86;150,79
Android 9,0 Pie;ZTE;4;8;6,52;67,96;151,02
Android 11;Tecno;4;8;6,6;68,79;152,87
Android 11;Samsung;8;8;6,6;68,79;152,87
Android 11;Vivo;8;8;6,44;67,03;149,21
Android 11;Vivo;8;8;6,44;67,03;149,21
Android 11;Vivo;8;8;6,44;67,03;149,21
Android 11;Xiaomi;6;8;6,67;69,52;154,5
Android 11;Xiaomi;6;8;6,67;69,52;154,5
Android 11;Xiaomi;6;8;6,67;69,52;154,5
Android 10,0;Honor;4;8;6,52;67,93;150,95
Android 10,0;Oppo;4;8;6,5;67,75;150,56
Android 11;Infinix;4;8;6,82;69,64;158,62
Android 11;Oppo;8;8;6,43;67,02;148,94
Android 11;Infinix;6;8;6,82;69,64;158,62
Android 11;Infinix;6;8;6,82;69,64;158,62
Android 11;Realme;8;8;6,43;67,02;148,94
Android 11;Realme;4;8;6,5;67,75;150,56
Android 11;Realme;6;8;6,5;67,75;150,56
Android 11;Realme;4;8;6,5;67,75;150,56
Android 10,0;POCO;4;8;6,5;69,19;149,9
Android 10,0;Honor;6;8;6,6;68,79;152,87
Android 10,0;Infinix;4;8;6,82;69,64;158,62
Android 11;Motorola;4;8;6,78;69,23;157,68
Android 11;Motorola;6;8;6,78;69,23;157,68
Android 11;Ulefone;8;8;6,09;64,8;140,4
Android 11;Oppo;8;8;6,43;67,02;148,94
Android 11;Doogee;4;8;6,52;67,96;151,02
Android 10,0;Doogee;4;4;6,52;69,4;150,37
Android 10,0;Doogee;4;8;5,71;62,09;131,07
Android 10,0;Blackview;4;8;6,22;67,6;142,71
Android 10,0;UMIDIGI;8;8;6,67;69,52;154,5
Android 10,0;Oppo;4;8;6,52;67,96;151,02
Android 11;Tecno;2;8;6,5;67,75;150,56
Android 11;Tecno;4;8;6,8;69,43;158,15
Android 10,0;Motorola;2;8;6,5;67,75;150,56
Android 11;ZTE;6;8;6,67;69,52;154,5
Android 11;ZTE;8;8;6,67;69,52;154,5
Android 11;TCL;6;8;6,67;69,52;154,5
Android 11;TCL;6;8;6,67;69,52;154,5
Android 11;TCL;4;8;6,67;69,52;154,5
Android 11;TCL;4;8;6,82;69,64;158,62
Android 11;TCL;6;8;6,67;69,52;154,5
Android 11;Sony;6;8;6,0;60,03;140,08
Android 11;Sony;8;8;6,1;61,03;142,41
Android 11;Sony;12;8;6,5;64,98;151,78
Android 11;Lenovo;8;8;6,92;70,66;160,94
Android 11;Nokia;4;8;6,67;69,52;154,5
Android 11;Nokia;4;8;6,67;69,52;154,5
Android 11;Nokia;4;8;6,52;67,93;150,95
Android 11;Nokia;3;8;6,52;67,93;150,95
Android 11;Nokia;1;4;6,52;67,93;150,95
Android 11;Nokia;1;4;6,52;67,93;150,95
Android 11;Realme;4;8;6,5;67,75;150,56
Android 11;Oppo;6;8;6,43;67,02;148,94
Android 11;Oppo;6;8;6,43;67,02;148,94
Android 11;Vivo;8;8;6,56;68,95;151,69
Android 11;Oppo;8;8;6,43;67,02;148,94
Android 10,0;Samsung;3;8;6,5;67,75;150,56
Android 11;Samsung;4;8;6,5;67,75;150,56
Android 9,0 Pie;Gionee;6;8;6,53;68,06;151,25
Android 11;Realme;8;8;6,55;68,27;151,72
Android 11;ZTE;8;8;6,67;69,52;154,5
Android 11;ZTE;8;8;6,67;69,52;154,5
Android 11;Realme;8;8;6,5;67,75;150,56
Android 11;Oppo;6;8;6,43;67,02;148,94
Android 11;ZTE;8;8;6,67;69,52;154,5
Android 11;Realme;6;8;6,43;67,02;148,94
Android 11;Xiaomi;8;8;8,01;122,07;162,76
Android 11;Xiaomi;8;8;6,67;69,52;154,5
Android 11;Xiaomi;6;8;6,55;68,27;151,72
Android 11;Xiaomi;6;8;6,55;68,27;151,72
Android 11;Xiaomi;8;8;6,81;70,98;157,74
Android 11;Xiaomi;8;8;6,81;70,98;157,74
Android 11;Motorola;4;8;6,5;67,75;150,56
Android 11;Motorola;6;8;6,7;67,04;156,42
Android 10,0;Oukitel;4;8;6,5;66,18;151,26
Android 11;Realme;6;8;6,4;66,71;148,24
Android 11;Realme;4;8;6,4;66,71;148,24
Android 10,0;Vivo;8;8;6,58;68,4;152,5
Android 11;OnePlus;8;8;6,77;70,27;156,94
Android 11;OnePlus;8;8;6,55;68,27;151,72
Android 11;OnePlus;8;8;6,55;68,27;151,72
Android 10,0;Honor;8;8;6,57;69,93;151,52
Android 11;Vivo;12;8;6,56;68,95;151,69
Android 11;Vivo;12;8;6,56;68,95;151,69
Android 11;Xiaomi;8;8;6,67;69,52;154,5
Android 11;Xiaomi;6;8;6,67;69,52;154,5
Android 11;POCO;6;8;6,67;69,52;154,5
Android 11;POCO;6;8;6,67;69,52;154,5
Android 11;Vivo;4;8;6,58;68,59;152,41
Android 11;Samsung;6;8;6,7;69,84;155,19
Android 11;Samsung;4;8;6,5;67,75;150,56
Android 11;Oppo;8;8;6,43;67,02;148,94
Android 11;Vivo;8;8;6,62;69,0;153,34
Android 10,0;Kyocera;6;8;5,45;61,91;123,82
Android 10,0;HTC;3;8;6,5;69,19;149,9
Android 11;Vivo;8;8;6,51;67,86;150,79
Android 11;Oppo;8;8;6,4;66,71;148,24
Android 11;Oppo;12;8;6,55;68,27;151,72
Android 11;Oppo;8;8;6,43;67,02;148,94
Android 11;Oppo;8;8;6,7;69,55;155,32
Android 11;Oppo;8;8;6,7;69,55;155,32
Android 11;Asus;18;8;6,78;72,17;156,36
Android 11;Asus;16;8;6,78;72,17;156,36
Android 11;Asus;8;8;6,78;72,17;156,36
Android 10,0;Huawei;8;8;6,5;68,32;150,3
Android 11;Xiaomi;8;8;6,67;71,0;153,82
Android 10,0;Gionee;3;8;6,52;69,4;150,37
Android 11;Oppo;8;8;6,43;67,02;148,94
Android 11;Oppo;8;8;6,43;67,02;148,94
Android 11;Oppo;8;8;6,43;67,02;148,94
Android 11;Vivo;6;8;6,51;67,86;150,79
Android 11;Samsung;4;8;5,3;55,24;122,76
Android 11;Xiaomi;4;8;6,43;67,02;148,94
Android 11;Xiaomi;6;8;6,67;69,52;154,5
Android 11;Xiaomi;6;8;6,67;69,52;154,5
Android 11;Xiaomi;6;8;6,67;69,52;154,5
Android 10,0;Realme;8;8;6,43;67,02;148,94
Android 10,0;Meizu;8;8;6,7;69,84;155,19
Android 10,0;Meizu;8;8;6,2;64,62;143,61
Android 11;Vivo;8;8;6,44;67,13;149,17
Android 11;Vivo;8;8;6,44;67,13;149,17
Android 10,0;LG;4;8;6,55;81,56;145,0
Android 10,0;LG;6;8;6,55;81,56;145,0
Android 10,0;LG;4;8;6,55;68,27;151,72
Android 10,0;Huawei;8;8;6,1;64,93;140,68
Android 11;Oppo;8;8;6,43;67,02;148,94
Android 11;Oukitel;4;4;5,5;62,48;124,95
Android 11;Realme;4;8;6,5;67,75;150,56
Android 11;Samsung;4;8;6,4;66,71;148,24
Android 11;Xiaomi;12;8;6,67;69,52;154,5
Android 11;Xiaomi;6;8;6,67;69,52;154,5
Android 11;Xiaomi;6;8;6,67;69,52;154,5
Android 11;Realme;3;8;6,5;67,75;150,56
Android 11;Realme;6;8;6,52;67,96;151,02
Android 11;Samsung;6;8;6,7;69,84;155,19
Android 11;BLU;4;8;6,5;67,75;150,56
Android 10,0;Huawei;8;8;6,45;64,67;150,53
Android 10,0;Motorola;4;8;6,51;67,86;150,79
Android 11;Motorola;4;8;6,5;67,75;150,56
Android 11;Motorola;4;8;6,5;67,75;150,56
Android 11;Samsung;6;8;6,7;69,84;155,19
Android 10,0;Fujitsu;8;8;6,7;71,32;154,52
Android 10,0;Fujitsu;8;8;6,3;68,5;144,62
Android 10,0;Tecno;4;8;6,6;68,79;152,87
Android 10,0;Tecno;6;8;6,8;69,43;158,15
Android 10,0;Blackview;4;8;5,7;64,75;129,5
Android 11;Samsung;3;8;6,5;67,75;150,56
Android 11;Realme;4;8;6,5;67,75;150,56
Android 11;Nokia;1;4;6,52;67,96;151,02
Android 10,0;Realme;4;8;6,5;67,75;150,56
Android 10,0;Oppo;8;8;6,4;66,71;148,24
Android 10,0;Samsung;2;4;6,5;67,75;150,56
Android 10,0;Realme;4;8;6,52;67,96;151,02
Android 10,0;Cubot;8;8;6,5;67,75;150,56
Android 10,0;Cubot;8;8;6,4;68,85;147,26
Android 10,0;Cubot;4;8;6,18;68,02;141,47
Android 10,0;Vivo;8;8;6,44;67,13;149,17
Android 10,0;Samsung;2;4;6,5;70,68;149,21
Android 10,0;Motorola;6;8;6,7;67,04;156,42
Android 10,0;ZTE;6;8;6,5;69,19;149,9
Android 10,0;Motorola;3;8;6,5;67,75;150,56
Android 10,0;Realme;2;8;6,5;67,75;150,56
Android 11;Oppo;6;8;6,5;67,75;150,56
Android 10,0;Huawei;8;6;6,5;67,75;150,56
Android 10,0;Honor;8;8;6,72;71,57;154,96
Android 10,0;Motorola;4;8;6,7;69,84;155,19
Android 10,0;Infinix;2;8;6,82;69,64;158,62
Android 11;Vivo;6;8;6,58;68,4;152,5
Android 10,0;HTC;8;8;6,7;69,84;155,19
Android 10,0;Doogee;4;8;5,71;62,09;131,07
Android 10,0;Doogee;8;8;6,3;67,06;145,29
Android 10,0;Vivo;6;8;6,51;67,86;150,79
Android 10,0;Samsung;4;8;6,5;67,75;150,56
Android 11;Oppo;8;8;6,5;67,75;150,56
Android 11;Samsung;12;8;6,8;70,88;157,51
Android 11;Samsung;12;8;6,8;70,88;157,51
Android 11;Samsung;8;8;6,7;69,84;155,19
Android 11;Samsung;8;8;6,2;64,62;143,61
Android 11;Huawei;8;8;6,72;71,57;154,96
Android 11;Vivo;8;8;6,58;68,4;152,5
Android 11;Vivo;8;8;6,62;69,0;153,34
Android 10,0;Coolpad;4;8;6,53;69,51;150,6
Android 11;Ulefone;8;8;6,55;68,27;151,72
Android 11;Vivo;6;8;6,58;68,4;152,5
Android 11;Blackview;3;8;6,52;67,93;150,95
Android 10,0;Samsung;3;8;6,5;67,75;150,56
Android 10,0;Xiaomi;4;8;6,53;69,51;150,6
Android 10,0;Xiaomi;4;8;6,53;69,51;150,6
Android 11;Realme;6;8;6,4;66,71;148,24
Android 10,0;Xiaomi;6;8;6,67;69,52;154,5
Android 11;Vivo;12;8;6,56;68,95;151,69
Android 11;Vivo;8;8;6,56;68,95;151,69
Android 11;Vivo;8;8;6,44;67,13;149,17
Android 11;Xiaomi;8;8;6,81;72,49;157,05
Android 10,0;Huawei;4;8;6,67;69,52;154,5
Android 11;Huawei;8;8;6,72;71,57;154,96
Android 11;Huawei;8;8;6,57;69,93;151,52
Android 10,0;Oppo;4;8;6,52;67,96;151,02
Android 11;Nokia;4;8;6,39;68,02;147,37
Android 10,0;Oppo;4;8;6,5;67,75;150,56
Android 11;UMIDIGI;3;8;6,53;68,06;151,25
Android 10,0;Xiaomi;4;8;6,53;69,51;150,6
Android 10,0;Nokia;1;4;5,45;61,91;123,82
Android 10,0;Vivo;6;8;6,51;67,86;150,79
Android 10,0;Blackview;4;8;6,49;69,08;149,67
Android 10,0;Lenovo;4;8;6,8;69,43;158,15
Android 10,0;Lenovo;4;8;6,5;67,75;150,56
Android 10,0;Vivo;6;8;6,58;68,59;152,41
Android 9,0 Pie;AGM;8;8;6,53;69,51;150,6
Android 11;Oppo;8;8;6,55;68,27;151,72
Android 11;Oppo;8;8;6,43;67,02;148,94
Android 10,0;Vivo;8;8;6,58;70,04;151,75
Android 10,0;Tecno;6;8;6,8;69,43;158,15
Android 10,0;Blackview;4;8;5,7;64,75;129,5
Android 10,0;Cubot;2;4;6,2;67,42;142,32
Android 11;Vivo;8;8;6,58;68,4;152,5
Android 10,0;ZTE;4;8;6,52;67,96;151,02
Android 10,0;ZTE;8;8;6,47;68,87;149,21
Android 10,0;Cubot;2;4;5,5;58,43;126,9
Android 10,0;Cubot;3;4;4,0;45,44;90,87
Android 9,0 Pie;HiSense;6;8;6,52;67,93;150,95
Android 10,0;Cubot;4;4;6,2;67,42;142,32
Android 10,0;Vivo;2;8;6,22;67,63;142,78
Android 10,0;Samsung;3;8;6,5;70,68;149,21
Android 10,0;Samsung;3;8;6,5;69,19;149,9
Android 10,0;POCO;4;8;6,53;69,51;150,6
Android 10,0;Blackview;4;8;5,7;64,75;129,5
Android 10,0;Realme;6;8;6,5;67,75;150,56
Android 10,0;Vivo;3;8;6,51;67,86;150,79
Android 10,0;Ulefone;8;8;6,67;69,52;154,5
Android 10,0;Sharp;4;8;5,8;63,07;133,14
Android 11;Kyocera;3;8;6,26;68,07;143,7
Android 10,0;Kyocera;3;8;5,8;61,74;133,76
Android 10,0;BQ Mobile;3;8;6,53;68,06;151,25
Android 10,0;BQ Mobile;1;4;5,99;68,04;136,08
Android 9,0 Pie;LG;3;8;6,52;67,96;151,02
Android 11;Nokia;6;8;6,81;70,98;157,74
Android 9,0 Pie;AGM;3;4;5,7;64,75;129,5
Android 10,0;Oukitel;8;8;6,67;71,0;153,82
Android 10,0;Samsung;12;8;7,6;150,69;120,66
Android 10,0;ZTE;6;8;6,52;67,96;151,02
Android 10,0;Motorola;4;8;6,7;69,84;155,19
Android 10,0;Lenovo;4;8;6,5;67,75;150,56
Android 10,0;Motorola;4;8;6,78;69,23;157,68
Android 10,0;Huawei;8;8;6,53;68,06;151,25
Android 10,0;Huawei;8;8;6,53;68,06;151,25
Android 10,0;Doogee;4;4;5,0;56,8;113,59
Android 10,0;Huawei;4;8;6,67;69,52;154,5
Android 10,0;Vivo;8;8;6,44;67,13;149,17
Android 10,0;Oppo;6;8;6,5;67,75;150,56
Android 10,0;ZTE;2;4;5,45;61,91;123,82
Android 10,0;LG;4;8;6,6;68,79;152,87
Android 10,0;LG;6;8;6,7;69,84;155,19
Android 10,0;Gigaset;4;8;6,3;67,06;145,29
Android 10,0;Gigaset;4;8;6,1;64,93;140,68
Android 10,0;Blackview;3;8;5,7;64,75;129,5
Android 10,0;OnePlus;6;8;6,49;67,65;150,33
Android 10,0;OnePlus;6;8;6,52;67,96;151,02
Android 10,0;Huawei;8;8;6,53;72,98;148,94
Android 10,0;Huawei;12;8;6,76;74,91;154,5
Android 10,0;Huawei;12;8;6,76;74,91;154,5
Android 10,0;Huawei;8;8;6,76;74,91;154,5
Android 10,0;Huawei;8;8;6,5;68,32;150,3
Android 11;Vivo;3;8;6,51;67,86;150,79
Android 10,0;Vivo;4;8;6,51;67,86;150,79
Android 10,0;Vivo;6;8;6,53;69,51;150,6
Android 9,0 Pie;Vivo;4;8;6,35;68,17;146,18
Android 10,0;Smartisan;8;8;6,67;71,0;153,82
Android 10,0;Vivo;8;8;6,56;68,95;151,69
Android 10,0;Doogee;8;8;6,22;67,63;142,78
Android 10,0;HTC;6;8;6,5;67,75;150,56
Android 10,0;UMIDIGI;6;8;6,3;67,06;145,29
Android 10,0;UMIDIGI;4;8;6,3;67,06;145,29
Android 10,0;UMIDIGI;3;4;6,53;68,06;151,25
Android 10,0;Infinix;6;8;6,95;70,96;161,64
Android 10,0;Infinix;6;8;6,78;69,23;157,68
Android 10,0;Coolpad;4;8;6,53;69,51;150,6
Android 10,0;Huawei;8;8;6,5;67,75;150,56
Android 11;OnePlus;8;8;6,55;68,27;151,72
Android 10,0;Samsung;6;8;6,4;68,12;147,6
iOS 14;Apple;6;6;6,7;71,4;154,48
iOS 14;Apple;6;6;6,1;64,99;140,65
iOS 14;Apple;6;6;5,4;57,48;4,9
iOS 14;Apple;6;6;6,1;64,99;140,65
Android 11;Realme;4;8;6,5;67,75;150,56
Android 10,0;Realme;8;8;6,4;66,71;148,24
Android 11;Realme;4;8;6,5;67,75;150,56
Android 9,0 Pie;LG;6;8;6,4;68,12;147,6
Android 10,0;Tecno;4;8;6,9;70,45;160,48
Android 10,0;Tecno;8;8;6,9;70,45;160,48
Android 10,0;Vivo;8;8;6,44;67,13;149,17
Android 10,0;Samsung;4;8;6,6;68,79;152,87
Android 10,0;Infinix;8;8;6,85;75,02;156,99
Android 10,0;Samsung;6;8;6,4;68,12;147,6
Android 10,0;Oppo;8;8;6,5;67,75;150,56
Android 10,0;Oppo;6;8;6,44;67,13;149,17
Android 10,0;Doogee;4;8;6,5;67,75;150,56
Android 10,0;Oukitel;4;8;5,86;63,72;134,52
Android 10,0;Oukitel;4;8;6,49;69,08;149,67
Android 10,0;Doogee;4;8;5,45;61,91;123,82
Android 10,0;Huawei;4;8;6,67;69,52;154,5
Android 10,0;Oppo;8;8;6,43;67,02;148,94
Android 9,0 Pie;Coolpad;4;4;6,3;68,5;144,62
Android 10,0;Vivo;8;8;6,44;67,13;149,17
Android 10,0;Oppo;8;8;6,57;68,48;152,18
Android 10,0;Oppo;8;8;6,43;67,02;148,94
Android 10,0;Elephone;4;8;6,4;68,12;147,6
Android 10,0;Xiaomi;6;8;6,67;69,52;154,5
Android 11;Google;6;8;6,24;66,42;143,91
Android 10,0;Vivo;8;8;6,44;67,13;149,17
Android 11;Vivo;8;8;6,44;67,13;149,17
Android 10,0;LG;2;8;6,1;64,93;140,68
Android 10,0;Tecno;4;8;6,8;69,43;158,15
Android 10,0;Huawei;4;8;6,67;69,52;154,5
Android 10,0;Vsmart;6;8;6,39;66,6;148,01
Android 10,0;Vsmart;8;8;6,39;66,6;148,01
Android 10,0;Vsmart;3;8;6,53;69,51;150,6
Android 11;Google;8;8;6,0;63,86;138,37
Android 10,0;Coolpad;3;8;6,53;69,51;150,6
Android 10,0;Vivo;8;8;6,44;67,13;149,17
Android 10,0;Nokia;2;8;6,5;70,68;149,21
Android 10,0;Nokia;3;8;6,39;69,48;146,68
Android 10,0;Samsung;1;4;5,3;58,89;121,06
Android 10,0;LG;4;8;6,8;70,88;157,51
Android 10,0;LG;3;8;6,6;68,79;152,87
Android 10,0;LG;4;8;6,6;68,79;152,87
Android 10,0;LG;4;8;6,6;68,79;152,87
Android 10,0;Samsung;6;8;6,5;67,75;150,56
Android 10,0;Samsung;6;8;6,5;67,75;150,56
Android 10,0;Infinix;6;8;6,78;69,23;157,68
Android 11;Realme;3;8;6,52;67,96;151,02
Android 11;Realme;6;8;6,52;67,96;151,02
Android 11;Realme;4;8;6,52;67,96;151,02
Android 10,0;Realme;6;8;6,52;67,96;151,02
Android 10,0;Oppo;8;8;6,43;67,02;148,94
Android 10,0;Sony;8;8;6,1;61,03;142,41
Android 10,0;Realme;8;8;6,5;67,75;150,56
Android 10,0;Oppo;8;8;6,43;67,02;148,94
Android 10,0;Oppo;6;8;6,44;67,13;149,17
Android 10,0;Ulefone;8;8;6,1;64,93;140,68
Android 10,0;Vivo;4;8;6,38;67,91;147,14
Android 10,0;Huawei;6;8;6,63;69,11;153,57
Android 10,0;Motorola;4;8;6,7;67,04;156,42
Android 10,0;Tecno;3;4;7,0;71,47;162,8
Android 10,0;POCO;6;8;6,67;69,52;154,5
Android 10,0;Xiaomi;4;8;6,58;68,59;152,41
Android 10,0;Xiaomi;6;8;6,67;69,52;154,5
Android 11;Xiaomi;6;8;6,67;69,52;154,5
Android 10,0;Motorola;4;8;6,5;67,75;150,56
Android 10,0;Motorola;4;8;6,8;72,38;156,82
Android 10,0;LG;8;8;6,8;69,43;158,15
Android 10,0;Sharp;6;8;6,4;68,12;147,6
Android 11;Sharp;4;8;5,8;63,07;133,14
Android 10,0;Sharp;8;8;6,7;69,84;155,19
Android 10,0;Sharp;4;8;5,8;63,07;133,14
Android 10,0;Oppo;4;8;6,5;67,75;150,56
Android 10,0;Motorola;8;8;6,2;59,61;145,76
Android 10,0;Blackview;3;4;5,7;64,75;129,5
Android 10,0;Blackview;6;8;5,84;63,5;134,06
Android 10,0;Wiko;3;8;6,55;68,27;151,72
Android 9,0 Pie;Sony;4;8;5,2;64,75;115,12
Android 10,0;Oppo;8;8;6,4;66,71;148,24
Android 10,0;Huawei;8;8;6,53;68,06;151,25
Android 10,0;Wiko;4;8;6,55;68,27;151,72
Android 10,0;Wiko;2;4;6,2;67,42;142,32
Android 10,0;Wiko;3;8;6,52;67,96;151,02
Android 10,0;Wiko;2;8;6,52;67,96;151,02
Android 10,0;Huawei;6;8;6,63;69,11;153,57
Android 10,0;Realme;8;8;6,4;66,71;148,24
Android 10,0;Realme;6;8;6,5;67,75;150,56
Android 10,0;Infinix;8;8;6,85;75,02;156,99
Android 10,0;BLU;4;8;6,5;69,19;149,9
Android 10,0;Vivo;3;8;6,51;67,86;150,79
Android 10,0;Vivo;4;8;6,51;67,86;150,79
Android 10,0;ZTE;6;8;6,92;70,66;160,94
Android 10,0;Realme;8;8;6,5;67,75;150,56
Android 10,0;Realme;6;8;6,55;68,27;151,72
Android 10,0;Realme;6;8;6,4;66,71;148,24
Android 10,0;Samsung;6;8;6,7;71,32;154,52
Android 10,0;Asus;8;8;6,67;69,52;154,5
Android 10,0;Asus;6;8;6,67;69,52;154,5
Android 10,0;Motorola;4;8;6,5;67,75;150,56
Android 10,0;Oppo;4;8;6,5;67,75;150,56
Android 10,0;LG;6;8;6,67;69,52;154,5
Android 8,1;Haier;1;4;5,0;56,8;113,59
Android 10,0;HTC;3;8;6,22;67,6;142,71
Android 10,0;Doogee;6;8;5,71;62,09;131,07
Android 10,0;Haier;2;4;5,5;68,49;121,76
Android 9,0 Pie;Haier;4;8;5,7;64,75;129,5
Android 10,0;Infinix;2;4;6,6;68,79;152,87
Android 10,0;Realme;3;8;6,52;67,96;151,02
Android 10,0;Ulefone;4;8;6,1;64,93;140,68
Android 10,0;Vivo;8;8;6,56;68,95;151,69
Android 10,0;Vivo;8;8;6,56;68,95;151,69
Android 10,0;nubia;6;8;6,65;70,78;153,36
Android 10,0;Xiaomi;6;8;6,67;69,52;154,5
Android 10,0;Xiaomi;8;8;6,67;71,0;153,82
Android 10,0;Huawei;8;8;6,5;67,75;150,56
Android 10,0;Huawei;6;8;6,8;70,88;157,51
Android 10,0;UMIDIGI;4;8;6,49;69,08;149,67
Android 10,0;Nokia;3;8;5,99;65,13;137,5
Android 10,0;Oppo;8;8;6,4;66,71;148,24
Android 10,0;Samsung;8;8;6,7;69,84;155,19
Android 10,0;Samsung;8;8;6,7;69,84;155,19
Android 10,0;Samsung;8;8;6,7;69,84;155,19
Android 10,0;Samsung;12;8;6,9;74,07;158,84
Android 10,0;Samsung;8;8;6,9;74,07;158,84
Android 10,0;Samsung;12;8;7,7;155,47;118,66
Android 10,0;Google;6;8;5,81;63,17;133,37
Android 10,0;Vivo;8;8;6,44;67,13;149,17
Android 10,0;Realme;6;8;6,5;67,75;150,56
Android 9,0 Pie;Samsung;1;4;5,3;56,41;122,23
Android 10,0;Cat;6;8;5,7;64,75;129,5
Android 10,0;Infinix;3;8;6,82;71,09;157,97
Android 10,0;Realme;3;8;6,52;69,4;150,37
Android 10,0;Samsung;6;8;6,5;69,19;149,9
Android 10,0;LG;2;8;5,7;61,98;130,84
Android 10,0;nubia;8;8;6,65;70,78;153,36
Android 10,0;LG;6;8;6,8;69,43;158,15
Android 10,0;Vivo;6;8;6,53;69,51;150,6
Android 10,0;Asus;8;8;6,59;70,14;151,98
Android 10,0;Lenovo;12;8;6,65;70,78;153,36
Android 10,0;Asus;12;8;6,59;70,14;151,98
Android 10,0;OnePlus;8;8;6,44;67,13;149,17
Android 9,0 Pie;Oppo;3;8;6,22;67,63;142,78
Android 8,1;LG;2;8;5,0;62,26;110,69
Android 10,0;ZTE;4;8;6,53;69,51;150,6
Android 10,0;Doogee;6;8;6,3;68,5;144,62
Android 10,0;Oppo;4;8;6,5;67,75;150,56
Android 10,0;TCL;4;8;6,52;67,96;151,02
Android 10,0;TCL;6;8;6,47;68,87;149,21
Android 10,0;Vivo;6;8;6,57;68,29;152,26
Android 10,0;Motorola;4;8;6,7;67,04;156,42
Android 10,0;Ulefone;8;8;6,3;67,06;145,29
Android 10,0;POCO;4;8;6,67;69,52;154,5
Android 10,0;Motorola;4;8;6,5;69,19;149,9
Android 10,0;Vivo;8;8;6,56;68,95;151,69
Android 10,0;Huawei;6;8;7,09;77,09;162,75
Android 10,0;Realme;2;8;6,52;69,4;150,37
Android 10,0;Xiaomi;2;8;6,53;68,06;151,25
Android 10,0;Xiaomi;2;8;6,53;68,06;151,25
Android 10,0;LG;2;8;5,7;61,98;130,84
Android 10,0;Realme;6;8;6,57;68,48;152,18
Android 9,0 Pie;Oukitel;8;8;6,53;69,51;150,6
Android 10,0;Oukitel;2;4;6,49;69,08;149,67
Android 10,0;Oukitel;4;8;5,5;62,48;124,95
Android 10,0;BLU;4;8;6,5;67,75;150,56
Android 10,0;HTC;6;8;6,5;69,19;149,9
Android 10,0;HTC;8;8;6,8;70,88;157,51
Android 10,0;Tecno;4;8;7,0;71,47;162,8
Android 10,0;LG;3;8;6,5;69,19;149,9
Android 9,0 Pie;LG;3;8;6,5;69,19;149,9
Android 10,0;LG;2;8;5,7;61,98;130,84
Android 10,0;Cubot;2;4;5,0;62,26;110,69
Android 10,0;LG;2;8;5,7;61,98;130,84
Android 10,0;Cubot;6;8;6,4;68,12;147,6
Android 10,0;Samsung;6;8;6,7;69,84;155,19
Android 10,0;Vivo;8;8;6,44;67,13;149,17
Android 10,0;ZTE;2;4;5,45;61,91;123,82
Android 10,0;Motorola;3;8;6,4;68,12;147,6
Android 10,0;Motorola;2;8;6,2;67,42;142,32
Android 10,0;Xiaomi;3;8;6,53;69,51;150,6
Android 9,0 Pie;Coolpad;6;8;6,3;67,06;145,29
Android 9,0 Pie;Coolpad;6;8;6,52;70,86;149,6
Android 10,0;Motorola;6;8;6,5;69,19;149,9
Android 9,0 Pie;Elephone;4;8;6,53;69,51;150,6
Android 10,0;Infinix;4;8;6,6;68,79;152,87
Android 10,0;ZTE;6;8;6,53;69,51;150,6
Android 10,0;Huawei;6;8;6,81;70,98;157,74
Android 10,0;Huawei;8;8;6,57;69,93;151,52
Android 10,0;Vivo;8;8;6,56;68,95;151,69
Android 10,0;Vivo;8;8;6,56;68,95;151,69
Android 10,0;Vivo;6;8;6,53;69,51;150,6
Android 9,0 Pie;Doogee;6;8;6,3;71,56;143,13
Android 10,0;Nokia;2;4;5,45;59,26;125,1
Android 10,0;Nokia;2;4;5,45;59,26;125,1
Android 10,0;Nokia;3;8;6,52;67,93;150,95
Android 9,0 Pie;Oppo;8;8;6,55;68,27;151,72
Android 10,0;Blackview;3;4;5,5;62,48;124,95
Android 10,0;Motorola;4;8;6,4;69,09;147,15
Android 9,0 Pie;Elephone;4;8;6,53;69,51;150,6
Android 10,0;Elephone;4;8;6,5;69,19;149,9
Android 9,0 Pie;Blackview;4;8;5,84;63,5;134,06
Android 10,0;Blackview;2;4;6,21;67,52;142,55
Android 7,1;Gionee;6;8;6,2;67,42;142,32
Android 10,0;Realme;8;8;6,6;68,79;152,87
Android 10,0;Xiaomi;6;8;6,57;68,48;152,18
Android 10,0;Xiaomi;8;8;6,57;68,48;152,18
Android 10,0;Xiaomi;4;8;6,53;69,51;150,6
Android 10,0;Realme;4;8;6,5;67,75;150,56
Android 9,0 Pie;Huawei;4;8;6,21;66,1;143,22
Android 9,0 Pie;Oppo;8;8;6,55;68,27;151,72
Android 10,0;Oppo;8;8;6,5;67,75;150,56
Android 10,0;Xiaomi;6;8;6,67;69,52;154,5
Android 10,0;Realme;12;8;6,44;67,13;149,17
Android 9,0 Pie;Alcatel;4;8;6,52;67,96;151,02
Android 10,0;Ulefone;2;4;5,5;58,43;126,9
Android 10,0;Ulefone;4;4;5,0;62,26;110,69
Android 10,0;Vivo;6;8;6,57;68,29;152,26
Android 10,0;LG;3;8;6,8;69,43;158,15
Android 10,0;Huawei;4;8;6,3;65,67;145,93
Android 10,0;Huawei;6;8;6,5;67,75;150,56
Android 10,0;Samsung;3;8;6,5;67,75;150,56
Android 10,0;POCO;6;8;6,67;69,52;154,5
Android 10,0;Xiaomi;6;8;6,67;69,52;154,5
Android 10,0;Huawei;8;8;6,47;68,87;149,21
Android 10,0;Realme;3;8;6,52;67,96;151,02
Android 10,0;Realme;4;8;6,52;67,96;151,02
Android 9,0 Pie;Vivo;6;8;6,53;69,51;150,6
Android 10,0;Meizu;8;8;6,6;70,25;152,21
Android 10,0;Meizu;8;8;6,6;70,25;152,21
Android 10,0;Vivo;4;8;6,47;68,87;149,21
Android 10,0;Huawei;2;8;5,45;61,91;123,82
Android 10,0;Huawei;3;8;6,3;65,67;145,93
Android 9,0 Pie;Huawei;4;8;6,5;69,19;149,9
Android 9,0 Pie;LG;3;8;6,5;69,19;149,9
Android 10,0;Xiaomi;3;8;6,53;69,51;150,6
Android 10,0;Huawei;4;8;6,3;67,06;145,29
Android 10,0;Huawei;3;8;6,3;65,67;145,93
Android 10,0;Huawei;2;8;5,45;61,91;123,82
Android 8,1;Samsung;1;4;5,0;62,26;110,69
Android 10,0;Xiaomi;6;8;6,47;68,87;149,21
Android 9,0 Pie;HiSense;4;8;5,84;66,34;132,68
Android 10,0;LG;8;8;6,8;69,43;158,15
Android 10,0;Xiaomi;6;8;6,57;69,93;151,52
Android 10,0;Vivo;6;8;6,57;68,29;152,26
Android 10,0;Realme;6;8;6,57;68,48;152,18
Android 10,0;Motorola;8;8;6,7;71,4;161,1
Android 10,0;Motorola;4;8;6,67;71,0;153,82
Android 10,0;Oppo;8;8;6,5;67,75;150,56
Android 9,0 Pie;Blackview;4;8;6,21;68,31;142,18
Android 10,0;UMIDIGI;4;8;6,3;67,06;145,29
Android 9,0 Pie;Oppo;3;8;6,22;67,63;142,78
Android 10,0;Oppo;6;8;6,57;68,48;152,18
Android 10,0;Oppo;8;8;6,5;67,75;150,56
iOS 13;Apple;3;6;4,7;58,51;104,06
Android 9,0 Pie;Lenovo;3;8;6,09;64,82;140,45
Android 10,0;Huawei;8;8;6,57;69,93;151,52
Android 10,0;Huawei;8;8;6,57;69,93;151,52
Android 10,0;Huawei;6;8;6,53;68,06;151,25
Android 9,0 Pie;Cubot;4;8;5,93;67,36;134,72
Android 10,0;Infinix;2;8;6,82;69,64;158,62
Android 10,0;OnePlus;8;8;6,78;71,26;156,78
Android 10,0;OnePlus;8;8;6,55;68,27;151,72
Android 10,0;LG;4;8;6,1;64,93;140,68
Android 10,0;Oppo;8;8;6,55;68,27;151,72
Android 10,0;Vivo;8;8;6,53;68,06;151,25
Android 10,0;UMIDIGI;6;8;6,39;68,02;147,37
Android 10,0;Samsung;3;8;6,5;67,75;150,56
Android 10,0;Huawei;6;8;6,39;66,6;148,01
Android 10,0;TCL;6;8;6,53;69,51;150,6
Android 10,0;Samsung;6;8;6,5;67,75;150,56
Android 10,0;Samsung;6;8;6,7;69,84;155,19
Android 10,0;Oppo;8;8;6,4;66,71;148,24
Android 10,0;Infinix;4;8;6,6;68,79;152,87
Android 10,0;Infinix;6;8;6,95;70,96;161,64
Android 10,0;TCL;6;8;6,47;68,87;5,87
Android 10,0;Vivo;8;8;6,44;67,13;149,17
Android 10,0;Elephone;4;8;6,5;69,19;149,9
Android 10,0;Xiaomi;8;8;6,67;71,0;153,82
Android 10,0;Xiaomi;2;8;6,22;67,6;142,71
Android 10,0;Huawei;6;8;6,3;65,67;145,93
Android 9,0 Pie;Motorola;4;8;6,5;67,75;150,56
Android 10,0;Vivo;8;8;6,44;67,13;149,17
Android 10,0;Doogee;2;4;6,52;69,4;150,37
Android 10,0;Xiaomi;6;8;6,57;69,93;151,52
Android 10,0;Cubot;3;4;6,26;68,07;143,7
Android 10,0;Huawei;8;8;6,5;67,75;150,56
Android 10,0;ZTE;6;8;6,5;69,19;149,9
Android 10,0;Samsung;3;8;6,4;68,12;147,6
Android 9,0 Pie;Oukitel;6;8;6,3;67,06;145,29
Android 10,0;Huawei;8;8;6,58;69,16;152,15
Android 10,0;Huawei;8;8;6,1;64,93;140,68
Android 10,0;Huawei;8;8;6,58;69,16;152,15
Android 9,0 Pie;Ulefone;4;8;6,3;67,06;145,29
Android 10,0;Xiaomi;8;8;6,67;69,52;154,5
Android 10,0;Infinix;4;8;6,6;68,79;152,87
Android 10,0;Samsung;4;8;6,4;66,71;148,24
Android 10,0;Xiaomi;6;8;6,67;69,52;154,5
Android 10,0;Xiaomi;4;8;6,67;69,52;154,5
Android 10,0;ZTE;6;8;6,47;68,87;149,21
Android 10,0;Nokia;6;8;6,81;70,98;157,74
Android 10,0;Nokia;3;8;6,55;68,27;151,72
Android 10,0;Nokia;1;4;5,71;62,09;131,07
Android 10,0;Samsung;4;8;6,1;64,93;140,68
Android 10,0;Vivo;8;8;6,44;67,13;149,17
Android 10,0;Samsung;4;8;6,4;68,12;147,6
Android 10,0;Realme;3;8;6,52;67,96;151,02
Android 9,0 Pie;Motorola;2;8;6,1;64,93;140,68
Android 9,0 Pie;Nokia;1;4;5,7;61,98;130,84
Android 10,0;Motorola;4;8;6,4;69,09;147,15
Android 10,0;Motorola;4;8;6,4;68,12;147,6
Android 9,0 Pie;Blackview;8;8;5,84;63,5;134,06
Android 10,0;nubia;8;8;6,65;70,78;153,36
Android 10,0;Xiaomi;6;8;6,67;69,52;154,5
Android 10,0;Xiaomi;6;8;6,67;69,52;154,5
Android 9,0 Pie;ZTE;1;4;5,45;61,91;123,82
Android 10,0;Vivo;8;8;6,89;75,57;157,85
Android 10,0;Infinix;4;8;6,53;72,56;149,15
Android 9,0 Pie;Huawei;6;8;6,15;66,11;141,53
Android 10,0;Ulefone;2;4;5,0;62,26;110,69
Android 9,0 Pie;Huawei;4;8;6,39;68,02;147,37
Android 10,0;Oppo;12;8;6,78;71,26;156,78
Android 10,0;Oppo;12;8;6,78;71,26;156,78
Android 11;Realme;6;8;6,5;67,75;150,56
Android 10,0;Realme;4;8;6,5;67,75;150,56
Android 10,0;Xiaomi;8;8;7,1;75,57;163,74
Android 10,0;Xiaomi;8;8;6,67;69,52;154,5
Android 10,0;Huawei;3;8;6,3;65,67;145,93
Android 10,0;Oppo;8;8;6,4;66,71;148,24
Android 9,0 Pie;HTC;2;8;6,09;64,82;140,45
Android 10,0;Vivo;6;8;6,57;68,48;152,18
Android 10,0;Huawei;6;8;6,4;68,85;147,26
Android 10,0;LG;8;8;6,8;69,43;158,15
Android 10,0;Samsung;6;8;6,4;68,12;147,6
Android 10,0;Vivo;8;8;6,44;67,13;149,17
Android 10,0;Vivo;12;8;6,44;67,13;149,17
Android 10,0;LG;3;8;6,5;70,68;149,21
Android 10,0;Huawei;8;8;6,6;70,42;152,13
Android 10,0;Realme;6;8;6,44;67,13;149,17
Android 9,0 Pie;Sony;3;8;6,0;60,03;140,08
Android 10,0;Sony;8;8;6,5;64,98;151,78
Android 10,0;Sony;8;8;6,5;64,98;151,78
Android 9,0 Pie;Sony;3;8;6,2;62,03;144,75
Android 10,0;Sharp;12;8;6,5;68,32;150,3
Android 10,0;Huawei;4;8;6,5;69,19;149,9
Android 9,0 Pie;Oppo;4;8;6,5;67,75;150,56
Android 10,0;Xiaomi;8;8;6,67;71,0;153,82
Android 10,0;Xiaomi;8;8;6,67;71,0;153,82
Android 10,0;Samsung;12;8;6,7;69,84;155,19
Android 10,0;Samsung;8;8;6,7;69,84;155,19
Android 10,0;Samsung;8;8;6,2;64,62;143,61
Android 10,0;Samsung;8;8;6,2;64,62;143,61
Android 9,0 Pie;LG;3;8;6,2;70,43;140,85
Android 9,0 Pie;Huawei;4;8;6,39;68,02;147,37
Android 10,0;Motorola;4;8;6,4;69,09;147,15
Android 10,0;Motorola;4;8;6,4;69,09;147,15
Android 10,0;Oppo;8;8;6,4;66,71;148,24
Android 10,0;Realme;3;8;6,52;67,96;151,02
Android 9,0 Pie;LG;2;8;5,45;61,91;123,82
Android 9,0 Pie;LG;2;4;5,45;61,91;123,82
Android 10,0;Alcatel;2;4;5,5;62,48;124,95
Android 10,0;Alcatel;3;8;6,22;67,63;142,78
Android 10,0;Alcatel;3;8;6,22;67,63;142,78
Android 10,0;Alcatel;4;8;6,22;67,63;142,78
Android 10,0;Samsung;12;8;6,92;72,13;160,29
Android 10,0;Samsung;12;8;6,92;72,13;160,29
Android 10,0;Samsung;12;8;6,7;69,84;155,19
Android 10,0;Samsung;12;8;6,7;69,84;155,19
Android 10,0;Samsung;12;8;6,2;64,62;143,61
Android 10,0;Samsung;12;8;6,2;64,62;143,61
Android 10,0;Samsung;8;8;6,7;64,52;157,48
Android 10,0;Huawei;8;8;6,4;68,85;147,26
Android 10,0;POCO;6;8;6,67;69,52;154,5
Android 9,0 Pie;Black Fox;2;4;5,5;62,48;124,95
Android 9,0 Pie;Black Fox;2;4;5,71;62,09;131,07
Android 8,1;Black Fox;1;4;5,71;62,09;131,07
Android 9,0 Pie;Black Fox;2;4;6,26;68,07;143,7
Android 9,0 Pie;Doogee;6;8;5,9;64,15;135,43
Android 9,0 Pie;Doogee;4;8;6,18;68,02;141,47
Android 9,0 Pie;HTC;3;8;6,09;64,82;140,45
Android 9,0 Pie;HTC;3;8;6,09;64,82;140,45
Android 9,0 Pie;Panasonic;3;8;6,22;67,63;142,78
Android 9,0 Pie;Panasonic;4;8;6,2;68,15;141,97
Android 9,0 Pie;Ulefone;2;4;5,0;62,26;110,69
Android 9,0 Pie;Infinix;4;8;6,6;68,79;152,87
Android 9,0 Pie;Infinix;4;8;6,6;68,79;152,87
Android 9,0 Pie;Infinix;2;4;6,6;68,79;152,87
Android 10,0;Samsung;2;8;5,7;60,67;131,45
Android 9,0 Pie;Elephone;4;8;6,41;68,23;147,83
Android 9,0 Pie;Huawei;3;8;6,09;64,82;140,45
Android 10,0;Elephone;6;8;6,53;69,51;150,6
Android 9,0 Pie;BQ Mobile;2;4;5,0;62,26;110,69
Android 9,0 Pie;BQ Mobile;3;8;6,35;67,59;146,44
Android 9,0 Pie;BQ Mobile;2;8;6,09;65,65;140,06
Android 9,0 Pie;BQ Mobile;2;4;5,99;68,04;136,08
Android 9,0 Pie;BQ Mobile;2;4;5,45;61,91;123,82
Android 9,0 Pie;BQ Mobile;3;8;5,86;63,72;134,52
Android 9,0 Pie;BQ Mobile;3;8;5,84;63,5;134,06
Android 9,0 Pie;BQ Mobile;4;8;5,45;61,91;123,82
Android 10,0;UMIDIGI;3;4;5,7;62,25;130,72
Android 10,0;UMIDIGI;2;4;5,7;64,75;129,5
Android 9,0 Pie;Tecno;1;4;6,52;67,96;151,02
Android 9,0 Pie;Oppo;8;8;6,4;66,71;148,24
Android 9,0 Pie;Xiaomi;6;8;5,99;68,04;136,08
Android 9,0 Pie;Huawei;6;8;6,15;66,11;141,53
Android 9,0 Pie;Realme;3;8;6,5;67,75;150,56
Android 10,0;Cat;3;8;5,5;62,48;124,95
Android 9,0 Pie;Samsung;4;8;6,3;65,67;145,93
Android 10,0;Realme;12;8;6,57;68,48;152,18
Android 10,0;Samsung;6;8;6,7;72,85;153,8
Android 10,0;Samsung;6;8;6,7;69,84;155,19
Android 9,0 Pie;LG;2;8;5,71;62,35;130,95
Android 9,0 Pie;ZTE;6;8;6,47;68,87;149,21
Android 9,0 Pie;Oppo;4;8;6,5;67,75;150,56
Android 9,0 Pie;Oppo;8;8;6,4;66,71;148,24
Android 10,0;Vivo;8;8;6,44;67,13;149,17
Android 10,0;Samsung;6;8;6,7;69,84;155,19
Android 10,0;Realme;6;8;6,57;68,48;152,18
Android 9,0 Pie;Samsung;4;8;6,5;69,19;149,9
Android 9,0 Pie;Blackview;8;8;5,84;62,16;134,68
Android 9,0 Pie;Motorola;6;8;6,2;59,61;145,76
Android 10,0;Realme;6;8;6,5;67,75;150,56
Android 9,0 Pie;Huawei;6;8;6,26;66,63;144,37
Android 9,0 Pie;Vivo;3;8;6,35;68,17;146,18
Android 9,0 Pie;Realme;6;8;6,4;68,12;147,6
Android 10,0;Xiaomi;8;8;6,39;68,02;147,37
Android 9,0 Pie;Xiaomi;4;8;6,9;78,38;156,76
Android 9,0 Pie;LG;6;8;6,4;68,12;147,6
Android 9,0 Pie;LG;6;8;6,4;68,12;147,6
Android 9,0 Pie;Alcatel;4;8;6,52;67,96;151,02
Android 9,0 Pie;Samsung;6;8;6,7;69,84;155,19
Android 9,0 Pie;Xiaomi;6;8;6,39;68,02;147,37
Android 9,0 Pie;Samsung;8;8;6,3;68,5;144,62
Android 10,0;Xiaomi;4;8;6,09;64,8;140,4
